{
    "graph": [
        {
            "author": " ",
            "cards": [
                {
                    "active": true,
                    "cardid": "1a4d39a9-1f09-11ee-9071-214dbb482912",
                    "component_id": "f05e4d3a-53c1-11e8-b0ea-784f435179ea",
                    "config": null,
                    "constraints": [],
                    "cssclass": "bigger",
                    "description": {
                        "en": "* Collection_id: LAP.1_Name\n* Field_id:\n* Category_id: CAT.1_Names_and_Classifications"
                    },
                    "graph_id": "ce57ee93-1f08-11ee-9071-214dbb482912",
                    "helpenabled": false,
                    "helptext": {
                        "en": null
                    },
                    "helptitle": {
                        "en": null
                    },
                    "instructions": {
                        "en": null
                    },
                    "is_editable": true,
                    "name": {
                        "en": "Name"
                    },
                    "nodegroup_id": "1a4d39a7-1f09-11ee-9071-214dbb482912",
                    "sortorder": 0,
                    "visible": true
                },
                {
                    "active": true,
                    "cardid": "1c8ddd3b-1f09-11ee-9071-214dbb482912",
                    "component_id": "f05e4d3a-53c1-11e8-b0ea-784f435179ea",
                    "config": null,
                    "constraints": [],
                    "cssclass": "big",
                    "description": {
                        "en": "* Collection_id: \n* Field_id: \n* Category_id: CAT.1_Names_and_Classifications"
                    },
                    "graph_id": "ce57ee93-1f08-11ee-9071-214dbb482912",
                    "helpenabled": false,
                    "helptext": {
                        "en": null
                    },
                    "helptitle": {
                        "en": null
                    },
                    "instructions": {
                        "en": null
                    },
                    "is_editable": true,
                    "name": {
                        "en": "Identifier"
                    },
                    "nodegroup_id": "1c8ddd39-1f09-11ee-9071-214dbb482912",
                    "sortorder": 2,
                    "visible": true
                },
                {
                    "active": true,
                    "cardid": "1f936cb7-1f09-11ee-9071-214dbb482912",
                    "component_id": "f05e4d3a-53c1-11e8-b0ea-784f435179ea",
                    "config": null,
                    "constraints": [],
                    "cssclass": null,
                    "description": {
                        "en": "It is strongly recommended that every resource that should be rendered to an end user have at least one name.\nDifferent types of name can be distinguished using classifications.\nSee: https://linked.art/model/base/#names\n\nArches note: This node's content should be the value for the title descriptor function, when used for a resource model."
                    },
                    "graph_id": "ce57ee93-1f08-11ee-9071-214dbb482912",
                    "helpenabled": false,
                    "helptext": {
                        "en": null
                    },
                    "helptitle": {
                        "en": null
                    },
                    "instructions": {
                        "en": null
                    },
                    "is_editable": true,
                    "name": {
                        "en": "Statement Name"
                    },
                    "nodegroup_id": "1f936cb5-1f09-11ee-9071-214dbb482912",
                    "sortorder": 1,
                    "visible": true
                },
                {
                    "active": true,
                    "cardid": "1f936cba-1f09-11ee-9071-214dbb482912",
                    "component_id": "f05e4d3a-53c1-11e8-b0ea-784f435179ea",
                    "config": null,
                    "constraints": [],
                    "cssclass": "big",
                    "description": {
                        "en": "* Collection_id: \n* Field_id: \n* Category_id: CAT.4_Description"
                    },
                    "graph_id": "ce57ee93-1f08-11ee-9071-214dbb482912",
                    "helpenabled": false,
                    "helptext": {
                        "en": null
                    },
                    "helptitle": {
                        "en": null
                    },
                    "instructions": {
                        "en": null
                    },
                    "is_editable": true,
                    "name": {
                        "en": "Statement"
                    },
                    "nodegroup_id": "1f936cb8-1f09-11ee-9071-214dbb482912",
                    "sortorder": 3,
                    "visible": true
                },
                {
                    "active": true,
                    "cardid": "7ea023b8-2169-11ee-a966-bfab10c4cd7b",
                    "component_id": "f05e4d3a-53c1-11e8-b0ea-784f435179ea",
                    "config": null,
                    "constraints": [],
                    "cssclass": null,
                    "description": null,
                    "graph_id": "ce57ee93-1f08-11ee-9071-214dbb482912",
                    "helpenabled": false,
                    "helptext": {
                        "en": null
                    },
                    "helptitle": {
                        "en": null
                    },
                    "instructions": {
                        "en": null
                    },
                    "is_editable": true,
                    "name": {
                        "en": "Type"
                    },
                    "nodegroup_id": "7ea023b6-2169-11ee-a966-bfab10c4cd7b",
                    "sortorder": 1,
                    "visible": true
                }
            ],
            "cards_x_nodes_x_widgets": [
                {
                    "card_id": "1a4d39a9-1f09-11ee-9071-214dbb482912",
                    "config": {
                        "defaultResourceInstance": [],
                        "i18n_properties": [
                            "placeholder"
                        ],
                        "label": "Name Type",
                        "placeholder": {
                            "en": ""
                        }
                    },
                    "id": "17a3bf8c-2171-11ee-a966-bfab10c4cd7b",
                    "label": {
                        "en": "Name Type"
                    },
                    "node_id": "e748995c-2169-11ee-a966-bfab10c4cd7b",
                    "sortorder": null,
                    "visible": true,
                    "widget_id": "ff3c400a-76ec-11e7-a793-784f435179ea"
                },
                {
                    "card_id": "1a4d39a9-1f09-11ee-9071-214dbb482912",
                    "config": {
                        "defaultResourceInstance": [],
                        "i18n_properties": [
                            "placeholder"
                        ],
                        "label": "Name Language",
                        "placeholder": {
                            "en": ""
                        }
                    },
                    "id": "17a3bf8e-2171-11ee-a966-bfab10c4cd7b",
                    "label": {
                        "en": "Name Language"
                    },
                    "node_id": "f1c15fa4-2169-11ee-a966-bfab10c4cd7b",
                    "sortorder": null,
                    "visible": true,
                    "widget_id": "ff3c400a-76ec-11e7-a793-784f435179ea"
                },
                {
                    "card_id": "1a4d39a9-1f09-11ee-9071-214dbb482912",
                    "config": {
                        "defaultValue": {
                            "en": {
                                "direction": "ltr",
                                "value": null
                            }
                        },
                        "i18n_properties": [
                            "placeholder"
                        ],
                        "label": "Name",
                        "maxLength": null,
                        "placeholder": {
                            "en": "Enter text"
                        },
                        "uneditable": false,
                        "width": "100%"
                    },
                    "id": "1a4d39ae-1f09-11ee-9071-214dbb482912",
                    "label": {
                        "en": "Name"
                    },
                    "node_id": "1a4d39ac-1f09-11ee-9071-214dbb482912",
                    "sortorder": 0,
                    "visible": true,
                    "widget_id": "10000000-0000-0000-0000-000000000001"
                },
                {
                    "card_id": "1a4d39a9-1f09-11ee-9071-214dbb482912",
                    "config": {
                        "defaultValue": {
                            "en": {
                                "direction": "ltr",
                                "value": null
                            }
                        },
                        "i18n_properties": [
                            "placeholder"
                        ],
                        "label": "Name Label",
                        "maxLength": null,
                        "placeholder": {
                            "en": "Enter text"
                        },
                        "uneditable": false,
                        "width": "100%"
                    },
                    "id": "1a4d39b0-1f09-11ee-9071-214dbb482912",
                    "label": {
                        "en": "Name Label"
                    },
                    "node_id": "1a4d39aa-1f09-11ee-9071-214dbb482912",
                    "sortorder": 3,
                    "visible": false,
                    "widget_id": "10000000-0000-0000-0000-000000000001"
                },
                {
                    "card_id": "1c8ddd3b-1f09-11ee-9071-214dbb482912",
                    "config": {
                        "defaultValue": {
                            "en": {
                                "direction": "ltr",
                                "value": ""
                            }
                        },
                        "i18n_properties": [
                            "placeholder"
                        ],
                        "label": "Identifier",
                        "maxLength": null,
                        "placeholder": {
                            "en": "Enter text"
                        },
                        "uneditable": false,
                        "width": "100%"
                    },
                    "id": "1c8ddd3f-1f09-11ee-9071-214dbb482912",
                    "label": {
                        "en": "Identifier"
                    },
                    "node_id": "1c8ddd3d-1f09-11ee-9071-214dbb482912",
                    "sortorder": 0,
                    "visible": true,
                    "widget_id": "10000000-0000-0000-0000-000000000001"
                },
                {
                    "card_id": "1c8ddd3b-1f09-11ee-9071-214dbb482912",
                    "config": {
                        "defaultValue": {
                            "en": {
                                "direction": "ltr",
                                "value": null
                            }
                        },
                        "i18n_properties": [
                            "placeholder"
                        ],
                        "label": "Identifier Label",
                        "maxLength": null,
                        "placeholder": {
                            "en": "Enter text"
                        },
                        "uneditable": false,
                        "width": "100%"
                    },
                    "id": "1c8ddd41-1f09-11ee-9071-214dbb482912",
                    "label": {
                        "en": "Identifier Label"
                    },
                    "node_id": "1c8ddd3c-1f09-11ee-9071-214dbb482912",
                    "sortorder": 2,
                    "visible": false,
                    "widget_id": "10000000-0000-0000-0000-000000000001"
                },
                {
                    "card_id": "1f936cb7-1f09-11ee-9071-214dbb482912",
                    "config": {
                        "defaultValue": {
                            "en": {
                                "direction": "ltr",
                                "value": null
                            }
                        },
                        "i18n_properties": [
                            "placeholder"
                        ],
                        "label": "Name",
                        "maxLength": null,
                        "placeholder": {
                            "en": "Enter text"
                        },
                        "uneditable": false,
                        "width": "100%"
                    },
                    "id": "1f936cc5-1f09-11ee-9071-214dbb482912",
                    "label": {
                        "en": "Name"
                    },
                    "node_id": "1f936cc1-1f09-11ee-9071-214dbb482912",
                    "sortorder": 0,
                    "visible": true,
                    "widget_id": "10000000-0000-0000-0000-000000000001"
                },
                {
                    "card_id": "1f936cb7-1f09-11ee-9071-214dbb482912",
                    "config": {
                        "defaultValue": {
                            "en": {
                                "direction": "ltr",
                                "value": ""
                            }
                        },
                        "i18n_properties": [
                            "placeholder"
                        ],
                        "label": "Name Label",
                        "maxLength": null,
                        "placeholder": {
                            "en": "Enter text"
                        },
                        "uneditable": false,
                        "width": "100%"
                    },
                    "id": "1f936cc6-1f09-11ee-9071-214dbb482912",
                    "label": {
                        "en": "Name Label"
                    },
                    "node_id": "1f936cc0-1f09-11ee-9071-214dbb482912",
                    "sortorder": 3,
                    "visible": false,
                    "widget_id": "10000000-0000-0000-0000-000000000001"
                },
                {
                    "card_id": "1f936cba-1f09-11ee-9071-214dbb482912",
                    "config": {
                        "defaultValue": {
                            "en": {
                                "direction": "ltr",
                                "value": ""
                            }
                        },
                        "i18n_properties": [
                            "placeholder"
                        ],
                        "label": "Statement",
                        "maxLength": null,
                        "placeholder": {
                            "en": "Enter text"
                        },
                        "uneditable": false,
                        "width": "100%"
                    },
                    "id": "1f936cca-1f09-11ee-9071-214dbb482912",
                    "label": {
                        "en": "Statement"
                    },
                    "node_id": "1f936cbc-1f09-11ee-9071-214dbb482912",
                    "sortorder": 0,
                    "visible": true,
                    "widget_id": "10000000-0000-0000-0000-000000000005"
                },
                {
                    "card_id": "1f936cba-1f09-11ee-9071-214dbb482912",
                    "config": {
                        "defaultValue": {
                            "en": {
                                "direction": "ltr",
                                "value": null
                            }
                        },
                        "i18n_properties": [
                            "placeholder"
                        ],
                        "label": "Statement Label",
                        "maxLength": null,
                        "placeholder": {
                            "en": "Enter text"
                        },
                        "uneditable": false,
                        "width": "100%"
                    },
                    "id": "1f936ccb-1f09-11ee-9071-214dbb482912",
                    "label": {
                        "en": "Statement Label"
                    },
                    "node_id": "1f936cbb-1f09-11ee-9071-214dbb482912",
                    "sortorder": 4,
                    "visible": false,
                    "widget_id": "10000000-0000-0000-0000-000000000001"
                },
                {
                    "card_id": "1c8ddd3b-1f09-11ee-9071-214dbb482912",
                    "config": {
                        "defaultResourceInstance": [],
                        "i18n_properties": [
                            "placeholder"
                        ],
                        "label": "Identifier Type",
                        "placeholder": {
                            "en": ""
                        }
                    },
                    "id": "1fe1b14b-2171-11ee-a966-bfab10c4cd7b",
                    "label": {
                        "en": "Identifier Type"
                    },
                    "node_id": "db9039a8-2169-11ee-a966-bfab10c4cd7b",
                    "sortorder": null,
                    "visible": true,
                    "widget_id": "ff3c400a-76ec-11e7-a793-784f435179ea"
                },
                {
                    "card_id": "7ea023b8-2169-11ee-a966-bfab10c4cd7b",
                    "config": {
                        "defaultResourceInstance": [],
                        "i18n_properties": [
                            "placeholder"
                        ],
                        "label": "Type Metatype",
                        "placeholder": {
                            "en": ""
                        }
                    },
                    "id": "27ce8a36-2171-11ee-a966-bfab10c4cd7b",
                    "label": {
                        "en": "Type Metatype"
                    },
                    "node_id": "8642229d-2169-11ee-a966-bfab10c4cd7b",
                    "sortorder": null,
                    "visible": true,
                    "widget_id": "ff3c400a-76ec-11e7-a793-784f435179ea"
                },
                {
                    "card_id": "1f936cba-1f09-11ee-9071-214dbb482912",
                    "config": {
                        "defaultResourceInstance": [],
                        "i18n_properties": [
                            "placeholder"
                        ],
                        "label": "Statement Language",
                        "placeholder": {
                            "en": ""
                        }
                    },
                    "id": "307239ef-2171-11ee-a966-bfab10c4cd7b",
                    "label": {
                        "en": "Statement Language"
                    },
                    "node_id": "aba1ca7c-2169-11ee-a966-bfab10c4cd7b",
                    "sortorder": null,
                    "visible": true,
                    "widget_id": "ff3c400a-76ec-11e7-a793-784f435179ea"
                },
                {
                    "card_id": "1f936cba-1f09-11ee-9071-214dbb482912",
                    "config": {
                        "defaultResourceInstance": [],
                        "i18n_properties": [
                            "placeholder"
                        ],
                        "label": "Statement Type",
                        "placeholder": {
                            "en": ""
                        }
                    },
                    "id": "307239f1-2171-11ee-a966-bfab10c4cd7b",
                    "label": {
                        "en": "Statement Type"
                    },
                    "node_id": "b8287a98-2169-11ee-a966-bfab10c4cd7b",
                    "sortorder": null,
                    "visible": true,
                    "widget_id": "ff3c400a-76ec-11e7-a793-784f435179ea"
                },
                {
                    "card_id": "1f936cba-1f09-11ee-9071-214dbb482912",
                    "config": {
                        "defaultResourceInstance": [],
                        "i18n_properties": [
                            "placeholder"
                        ],
                        "label": "Statement Type Metatype",
                        "placeholder": {
                            "en": ""
                        }
                    },
                    "id": "307239f3-2171-11ee-a966-bfab10c4cd7b",
                    "label": {
                        "en": "Statement Type Metatype"
                    },
                    "node_id": "c16bc632-2169-11ee-a966-bfab10c4cd7b",
                    "sortorder": null,
                    "visible": true,
                    "widget_id": "ff3c400a-76ec-11e7-a793-784f435179ea"
                },
                {
                    "card_id": "1f936cb7-1f09-11ee-9071-214dbb482912",
                    "config": {
                        "defaultResourceInstance": [],
                        "i18n_properties": [
                            "placeholder"
                        ],
                        "label": "Name Language",
                        "placeholder": {
                            "en": ""
                        }
                    },
                    "id": "5a23640b-2171-11ee-a966-bfab10c4cd7b",
                    "label": {
                        "en": "Name Language"
                    },
                    "node_id": "95a702b4-2169-11ee-a966-bfab10c4cd7b",
                    "sortorder": null,
                    "visible": true,
                    "widget_id": "ff3c400a-76ec-11e7-a793-784f435179ea"
                },
                {
                    "card_id": "1f936cb7-1f09-11ee-9071-214dbb482912",
                    "config": {
                        "defaultResourceInstance": [],
                        "i18n_properties": [
                            "placeholder"
                        ],
                        "label": "Name Type",
                        "placeholder": {
                            "en": ""
                        }
                    },
                    "id": "5a23640e-2171-11ee-a966-bfab10c4cd7b",
                    "label": {
                        "en": "Name Type"
                    },
                    "node_id": "a0bb1460-2169-11ee-a966-bfab10c4cd7b",
                    "sortorder": null,
                    "visible": true,
                    "widget_id": "ff3c400a-76ec-11e7-a793-784f435179ea"
                },
                {
                    "card_id": "7ea023b8-2169-11ee-a966-bfab10c4cd7b",
                    "config": {
                        "defaultResourceInstance": [],
                        "i18n_properties": [
                            "placeholder"
                        ],
                        "label": "Type",
                        "placeholder": {
                            "en": ""
                        }
                    },
                    "id": "85c76f3f-2169-11ee-a966-bfab10c4cd7b",
                    "label": {
                        "en": "Type"
                    },
                    "node_id": "7ea023b6-2169-11ee-a966-bfab10c4cd7b",
                    "sortorder": 0,
                    "visible": true,
                    "widget_id": "ff3c400a-76ec-11e7-a793-784f435179ea"
                }
            ],
            "color": "rgb(253,220,52)",
            "config": {},
            "deploymentdate": null,
            "deploymentfile": null,
            "description": {
                "en": ""
            },
            "edges": [
                {
                    "description": null,
                    "domainnode_id": "1a4d39a7-1f09-11ee-9071-214dbb482912",
                    "edgeid": "1a4d39b2-1f09-11ee-9071-214dbb482912",
                    "graph_id": "ce57ee93-1f08-11ee-9071-214dbb482912",
                    "name": null,
                    "ontologyproperty": "http://www.cidoc-crm.org/cidoc-crm/P190_has_symbolic_content",
                    "rangenode_id": "1a4d39ac-1f09-11ee-9071-214dbb482912"
                },
                {
                    "description": null,
                    "domainnode_id": "1a4d39a7-1f09-11ee-9071-214dbb482912",
                    "edgeid": "1a4d39b3-1f09-11ee-9071-214dbb482912",
                    "graph_id": "ce57ee93-1f08-11ee-9071-214dbb482912",
                    "name": null,
                    "ontologyproperty": "http://www.w3.org/2000/01/rdf-schema#label",
                    "rangenode_id": "1a4d39aa-1f09-11ee-9071-214dbb482912"
                },
                {
                    "description": null,
                    "domainnode_id": "ce57ee92-1f08-11ee-9071-214dbb482912",
                    "edgeid": "1a4d39b6-1f09-11ee-9071-214dbb482912",
                    "graph_id": "ce57ee93-1f08-11ee-9071-214dbb482912",
                    "name": null,
                    "ontologyproperty": "http://www.cidoc-crm.org/cidoc-crm/P1_is_identified_by",
                    "rangenode_id": "1a4d39a7-1f09-11ee-9071-214dbb482912"
                },
                {
                    "description": null,
                    "domainnode_id": "1c8ddd39-1f09-11ee-9071-214dbb482912",
                    "edgeid": "1c8ddd42-1f09-11ee-9071-214dbb482912",
                    "graph_id": "ce57ee93-1f08-11ee-9071-214dbb482912",
                    "name": null,
                    "ontologyproperty": "http://www.w3.org/2000/01/rdf-schema#label",
                    "rangenode_id": "1c8ddd3c-1f09-11ee-9071-214dbb482912"
                },
                {
                    "description": null,
                    "domainnode_id": "1c8ddd39-1f09-11ee-9071-214dbb482912",
                    "edgeid": "1c8ddd43-1f09-11ee-9071-214dbb482912",
                    "graph_id": "ce57ee93-1f08-11ee-9071-214dbb482912",
                    "name": null,
                    "ontologyproperty": "http://www.cidoc-crm.org/cidoc-crm/P190_has_symbolic_content",
                    "rangenode_id": "1c8ddd3d-1f09-11ee-9071-214dbb482912"
                },
                {
                    "description": null,
                    "domainnode_id": "ce57ee92-1f08-11ee-9071-214dbb482912",
                    "edgeid": "1c8ddd45-1f09-11ee-9071-214dbb482912",
                    "graph_id": "ce57ee93-1f08-11ee-9071-214dbb482912",
                    "name": null,
                    "ontologyproperty": "http://www.cidoc-crm.org/cidoc-crm/P1_is_identified_by",
                    "rangenode_id": "1c8ddd39-1f09-11ee-9071-214dbb482912"
                },
                {
                    "description": null,
                    "domainnode_id": "1f936cb5-1f09-11ee-9071-214dbb482912",
                    "edgeid": "1f936ccd-1f09-11ee-9071-214dbb482912",
                    "graph_id": "ce57ee93-1f08-11ee-9071-214dbb482912",
                    "name": null,
                    "ontologyproperty": "http://www.cidoc-crm.org/cidoc-crm/P190_has_symbolic_content",
                    "rangenode_id": "1f936cc1-1f09-11ee-9071-214dbb482912"
                },
                {
                    "description": null,
                    "domainnode_id": "1f936cb5-1f09-11ee-9071-214dbb482912",
                    "edgeid": "1f936cce-1f09-11ee-9071-214dbb482912",
                    "graph_id": "ce57ee93-1f08-11ee-9071-214dbb482912",
                    "name": null,
                    "ontologyproperty": "http://www.w3.org/2000/01/rdf-schema#label",
                    "rangenode_id": "1f936cc0-1f09-11ee-9071-214dbb482912"
                },
                {
                    "description": null,
                    "domainnode_id": "1f936cb8-1f09-11ee-9071-214dbb482912",
                    "edgeid": "1f936ccf-1f09-11ee-9071-214dbb482912",
                    "graph_id": "ce57ee93-1f08-11ee-9071-214dbb482912",
                    "name": null,
                    "ontologyproperty": "http://www.cidoc-crm.org/cidoc-crm/P1_is_identified_by",
                    "rangenode_id": "1f936cb5-1f09-11ee-9071-214dbb482912"
                },
                {
                    "description": null,
                    "domainnode_id": "1f936cb8-1f09-11ee-9071-214dbb482912",
                    "edgeid": "1f936cd2-1f09-11ee-9071-214dbb482912",
                    "graph_id": "ce57ee93-1f08-11ee-9071-214dbb482912",
                    "name": null,
                    "ontologyproperty": "http://www.cidoc-crm.org/cidoc-crm/P190_has_symbolic_content",
                    "rangenode_id": "1f936cbc-1f09-11ee-9071-214dbb482912"
                },
                {
                    "description": null,
                    "domainnode_id": "1f936cb8-1f09-11ee-9071-214dbb482912",
                    "edgeid": "1f936cd4-1f09-11ee-9071-214dbb482912",
                    "graph_id": "ce57ee93-1f08-11ee-9071-214dbb482912",
                    "name": null,
                    "ontologyproperty": "http://www.w3.org/2000/01/rdf-schema#label",
                    "rangenode_id": "1f936cbb-1f09-11ee-9071-214dbb482912"
                },
                {
                    "description": null,
                    "domainnode_id": "ce57ee92-1f08-11ee-9071-214dbb482912",
                    "edgeid": "1f936cd7-1f09-11ee-9071-214dbb482912",
                    "graph_id": "ce57ee93-1f08-11ee-9071-214dbb482912",
                    "name": null,
                    "ontologyproperty": "http://www.cidoc-crm.org/cidoc-crm/P67i_is_referred_to_by",
                    "rangenode_id": "1f936cb8-1f09-11ee-9071-214dbb482912"
                },
                {
                    "description": null,
                    "domainnode_id": "ce57ee92-1f08-11ee-9071-214dbb482912",
                    "edgeid": "7ea023b9-2169-11ee-a966-bfab10c4cd7b",
                    "graph_id": "ce57ee93-1f08-11ee-9071-214dbb482912",
                    "name": null,
                    "ontologyproperty": "http://www.cidoc-crm.org/cidoc-crm/P2_has_type",
                    "rangenode_id": "7ea023b6-2169-11ee-a966-bfab10c4cd7b"
                },
                {
                    "description": null,
                    "domainnode_id": "7ea023b6-2169-11ee-a966-bfab10c4cd7b",
                    "edgeid": "8642229e-2169-11ee-a966-bfab10c4cd7b",
                    "graph_id": "ce57ee93-1f08-11ee-9071-214dbb482912",
                    "name": null,
                    "ontologyproperty": "http://www.cidoc-crm.org/cidoc-crm/P2_has_type",
                    "rangenode_id": "8642229d-2169-11ee-a966-bfab10c4cd7b"
                },
                {
                    "description": null,
                    "domainnode_id": "1f936cb5-1f09-11ee-9071-214dbb482912",
                    "edgeid": "95a702b5-2169-11ee-a966-bfab10c4cd7b",
                    "graph_id": "ce57ee93-1f08-11ee-9071-214dbb482912",
                    "name": null,
                    "ontologyproperty": "http://www.cidoc-crm.org/cidoc-crm/P72_has_language",
                    "rangenode_id": "95a702b4-2169-11ee-a966-bfab10c4cd7b"
                },
                {
                    "description": null,
                    "domainnode_id": "1f936cb5-1f09-11ee-9071-214dbb482912",
                    "edgeid": "a0bb1461-2169-11ee-a966-bfab10c4cd7b",
                    "graph_id": "ce57ee93-1f08-11ee-9071-214dbb482912",
                    "name": null,
                    "ontologyproperty": "http://www.cidoc-crm.org/cidoc-crm/P2_has_type",
                    "rangenode_id": "a0bb1460-2169-11ee-a966-bfab10c4cd7b"
                },
                {
                    "description": null,
                    "domainnode_id": "1f936cb8-1f09-11ee-9071-214dbb482912",
                    "edgeid": "aba1ca7d-2169-11ee-a966-bfab10c4cd7b",
                    "graph_id": "ce57ee93-1f08-11ee-9071-214dbb482912",
                    "name": null,
                    "ontologyproperty": "http://www.cidoc-crm.org/cidoc-crm/P72_has_language",
                    "rangenode_id": "aba1ca7c-2169-11ee-a966-bfab10c4cd7b"
                },
                {
                    "description": null,
                    "domainnode_id": "1f936cb8-1f09-11ee-9071-214dbb482912",
                    "edgeid": "b8287a99-2169-11ee-a966-bfab10c4cd7b",
                    "graph_id": "ce57ee93-1f08-11ee-9071-214dbb482912",
                    "name": null,
                    "ontologyproperty": "http://www.cidoc-crm.org/cidoc-crm/P2_has_type",
                    "rangenode_id": "b8287a98-2169-11ee-a966-bfab10c4cd7b"
                },
                {
                    "description": null,
                    "domainnode_id": "b8287a98-2169-11ee-a966-bfab10c4cd7b",
                    "edgeid": "c16bc633-2169-11ee-a966-bfab10c4cd7b",
                    "graph_id": "ce57ee93-1f08-11ee-9071-214dbb482912",
                    "name": null,
                    "ontologyproperty": "http://www.cidoc-crm.org/cidoc-crm/P2_has_type",
                    "rangenode_id": "c16bc632-2169-11ee-a966-bfab10c4cd7b"
                },
                {
                    "description": null,
                    "domainnode_id": "1c8ddd39-1f09-11ee-9071-214dbb482912",
                    "edgeid": "db9039a9-2169-11ee-a966-bfab10c4cd7b",
                    "graph_id": "ce57ee93-1f08-11ee-9071-214dbb482912",
                    "name": null,
                    "ontologyproperty": "http://www.cidoc-crm.org/cidoc-crm/P2_has_type",
                    "rangenode_id": "db9039a8-2169-11ee-a966-bfab10c4cd7b"
                },
                {
                    "description": null,
                    "domainnode_id": "1a4d39a7-1f09-11ee-9071-214dbb482912",
                    "edgeid": "e748995d-2169-11ee-a966-bfab10c4cd7b",
                    "graph_id": "ce57ee93-1f08-11ee-9071-214dbb482912",
                    "name": null,
                    "ontologyproperty": "http://www.cidoc-crm.org/cidoc-crm/P2_has_type",
                    "rangenode_id": "e748995c-2169-11ee-a966-bfab10c4cd7b"
                },
                {
                    "description": null,
                    "domainnode_id": "1a4d39a7-1f09-11ee-9071-214dbb482912",
                    "edgeid": "f1c15fa5-2169-11ee-a966-bfab10c4cd7b",
                    "graph_id": "ce57ee93-1f08-11ee-9071-214dbb482912",
                    "name": null,
                    "ontologyproperty": "http://www.cidoc-crm.org/cidoc-crm/P72_has_language",
                    "rangenode_id": "f1c15fa4-2169-11ee-a966-bfab10c4cd7b"
                }
            ],
            "functions_x_graphs": [],
            "graphid": "ce57ee93-1f08-11ee-9071-214dbb482912",
            "iconclass": "fa fa-file",
            "is_editable": true,
            "isresource": true,
            "jsonldcontext": null,
            "name": {
                "en": "Digital Object"
            },
            "nodegroups": [
                {
                    "cardinality": "n",
                    "legacygroupid": null,
                    "nodegroupid": "1a4d39a7-1f09-11ee-9071-214dbb482912",
                    "parentnodegroup_id": null
                },
                {
                    "cardinality": "n",
                    "legacygroupid": null,
                    "nodegroupid": "1c8ddd39-1f09-11ee-9071-214dbb482912",
                    "parentnodegroup_id": null
                },
                {
                    "cardinality": "n",
                    "legacygroupid": null,
                    "nodegroupid": "1f936cb5-1f09-11ee-9071-214dbb482912",
                    "parentnodegroup_id": "1f936cb8-1f09-11ee-9071-214dbb482912"
                },
                {
                    "cardinality": "n",
                    "legacygroupid": null,
                    "nodegroupid": "1f936cb8-1f09-11ee-9071-214dbb482912",
                    "parentnodegroup_id": null
                },
                {
                    "cardinality": "1",
                    "legacygroupid": null,
                    "nodegroupid": "7ea023b6-2169-11ee-a966-bfab10c4cd7b",
                    "parentnodegroup_id": null
                }
            ],
            "nodes": [
                {
                    "alias": "name",
                    "config": {},
                    "datatype": "semantic",
                    "description": "* Collection_id: LAP.1_Name\n* Field_id:\n* Category_id: CAT.1_Names_and_Classifications",
                    "exportable": false,
                    "fieldname": null,
                    "graph_id": "ce57ee93-1f08-11ee-9071-214dbb482912",
                    "hascustomalias": false,
                    "is_collector": true,
                    "isrequired": false,
                    "issearchable": true,
                    "istopnode": false,
                    "name": "name",
                    "nodegroup_id": "1a4d39a7-1f09-11ee-9071-214dbb482912",
                    "nodeid": "1a4d39a7-1f09-11ee-9071-214dbb482912",
                    "ontologyclass": "http://www.cidoc-crm.org/cidoc-crm/E33_E41_Linguistic_Appellation",
                    "parentproperty": "http://www.cidoc-crm.org/cidoc-crm/P1_is_identified_by",
                    "sortorder": 0,
                    "sourcebranchpublication_id": null
                },
                {
                    "alias": "name_label",
                    "config": {},
                    "datatype": "string",
                    "description": "* Collection_id: LAP.1_Name\n* Field_id: LAF.4_name_label\n* Category_id: CAT.1_Names_and_Classifications\n\n",
                    "exportable": false,
                    "fieldname": null,
                    "graph_id": "ce57ee93-1f08-11ee-9071-214dbb482912",
                    "hascustomalias": false,
                    "is_collector": false,
                    "isrequired": false,
                    "issearchable": false,
                    "istopnode": false,
                    "name": "name_label",
                    "nodegroup_id": "1a4d39a7-1f09-11ee-9071-214dbb482912",
                    "nodeid": "1a4d39aa-1f09-11ee-9071-214dbb482912",
                    "ontologyclass": "http://www.w3.org/2001/XMLSchema#string",
                    "parentproperty": "http://www.w3.org/2000/01/rdf-schema#label",
                    "sortorder": 0,
                    "sourcebranchpublication_id": null
                },
                {
                    "alias": "name_content",
                    "config": {},
                    "datatype": "string",
                    "description": "* Collection_id: LAP.1_Name\n* Field_id: LAF.6_name_content\n* Category_id: CAT.1_Names_and_Classifications",
                    "exportable": false,
                    "fieldname": null,
                    "graph_id": "ce57ee93-1f08-11ee-9071-214dbb482912",
                    "hascustomalias": false,
                    "is_collector": false,
                    "isrequired": true,
                    "issearchable": true,
                    "istopnode": false,
                    "name": "name_content",
                    "nodegroup_id": "1a4d39a7-1f09-11ee-9071-214dbb482912",
                    "nodeid": "1a4d39ac-1f09-11ee-9071-214dbb482912",
                    "ontologyclass": "http://www.w3.org/2001/XMLSchema#string",
                    "parentproperty": "http://www.cidoc-crm.org/cidoc-crm/P190_has_symbolic_content",
                    "sortorder": 0,
                    "sourcebranchpublication_id": null
                },
                {
                    "alias": "identifier",
                    "config": {},
                    "datatype": "semantic",
                    "description": "* Collection_id: \n* Field_id: \n* Category_id: CAT.1_Names_and_Classifications",
                    "exportable": false,
                    "fieldname": null,
                    "graph_id": "ce57ee93-1f08-11ee-9071-214dbb482912",
                    "hascustomalias": false,
                    "is_collector": true,
                    "isrequired": false,
                    "issearchable": true,
                    "istopnode": false,
                    "name": "identifier",
                    "nodegroup_id": "1c8ddd39-1f09-11ee-9071-214dbb482912",
                    "nodeid": "1c8ddd39-1f09-11ee-9071-214dbb482912",
                    "ontologyclass": "http://www.cidoc-crm.org/cidoc-crm/E42_Identifier",
                    "parentproperty": "http://www.cidoc-crm.org/cidoc-crm/P1_is_identified_by",
                    "sortorder": 0,
                    "sourcebranchpublication_id": null
                },
                {
                    "alias": "identifier_label",
                    "config": {},
                    "datatype": "string",
                    "description": "* Collection_id: LAP.2_Identifier\n* Field_id: LAF.8_identifier_label\n* Category_id: CAT.1_Names_and_Classifications",
                    "exportable": false,
                    "fieldname": null,
                    "graph_id": "ce57ee93-1f08-11ee-9071-214dbb482912",
                    "hascustomalias": false,
                    "is_collector": false,
                    "isrequired": false,
                    "issearchable": false,
                    "istopnode": false,
                    "name": "identifier_label",
                    "nodegroup_id": "1c8ddd39-1f09-11ee-9071-214dbb482912",
                    "nodeid": "1c8ddd3c-1f09-11ee-9071-214dbb482912",
                    "ontologyclass": "http://www.w3.org/2001/XMLSchema#string",
                    "parentproperty": "http://www.w3.org/2000/01/rdf-schema#label",
                    "sortorder": 0,
                    "sourcebranchpublication_id": null
                },
                {
                    "alias": "identifier_content",
                    "config": {},
                    "datatype": "string",
                    "description": "* Collection_id: LAP.2_Identifier\n* Field_id: LAF.10_identifier_content\n* Category_id: CAT.1_Names_and_Classifications",
                    "exportable": false,
                    "fieldname": null,
                    "graph_id": "ce57ee93-1f08-11ee-9071-214dbb482912",
                    "hascustomalias": false,
                    "is_collector": false,
                    "isrequired": true,
                    "issearchable": true,
                    "istopnode": false,
                    "name": "identifier_content",
                    "nodegroup_id": "1c8ddd39-1f09-11ee-9071-214dbb482912",
                    "nodeid": "1c8ddd3d-1f09-11ee-9071-214dbb482912",
                    "ontologyclass": "http://www.w3.org/2001/XMLSchema#string",
                    "parentproperty": "http://www.cidoc-crm.org/cidoc-crm/P190_has_symbolic_content",
                    "sortorder": 0,
                    "sourcebranchpublication_id": null
                },
                {
                    "alias": "statement_name",
                    "config": {},
                    "datatype": "semantic",
                    "description": "* Collection_id: LAP.4_Statement\n* Field_id: LAF.50_name_statement\n* Category_id: CAT.4_Description",
                    "exportable": false,
                    "fieldname": null,
                    "graph_id": "ce57ee93-1f08-11ee-9071-214dbb482912",
                    "hascustomalias": false,
                    "is_collector": true,
                    "isrequired": false,
                    "issearchable": true,
                    "istopnode": false,
                    "name": "statement_name",
                    "nodegroup_id": "1f936cb5-1f09-11ee-9071-214dbb482912",
                    "nodeid": "1f936cb5-1f09-11ee-9071-214dbb482912",
                    "ontologyclass": "http://www.cidoc-crm.org/cidoc-crm/E33_E41_Linguistic_Appellation",
                    "parentproperty": "http://www.cidoc-crm.org/cidoc-crm/P1_is_identified_by",
                    "sortorder": 0,
                    "sourcebranchpublication_id": null
                },
                {
                    "alias": "statement",
                    "config": {},
                    "datatype": "semantic",
                    "description": "* Collection_id: \n* Field_id: \n* Category_id: CAT.4_Description",
                    "exportable": false,
                    "fieldname": null,
                    "graph_id": "ce57ee93-1f08-11ee-9071-214dbb482912",
                    "hascustomalias": false,
                    "is_collector": true,
                    "isrequired": false,
                    "issearchable": true,
                    "istopnode": false,
                    "name": "statement",
                    "nodegroup_id": "1f936cb8-1f09-11ee-9071-214dbb482912",
                    "nodeid": "1f936cb8-1f09-11ee-9071-214dbb482912",
                    "ontologyclass": "http://www.cidoc-crm.org/cidoc-crm/E33_Linguistic_Object",
                    "parentproperty": "http://www.cidoc-crm.org/cidoc-crm/P67i_is_referred_to_by",
                    "sortorder": 0,
                    "sourcebranchpublication_id": null
                },
                {
                    "alias": "statement_label",
                    "config": {},
                    "datatype": "string",
                    "description": "* Collection_id: LAP.4_Statement\n* Field_id: LAF.13_statement_label\n* Category_id: CAT.4_Description",
                    "exportable": false,
                    "fieldname": null,
                    "graph_id": "ce57ee93-1f08-11ee-9071-214dbb482912",
                    "hascustomalias": false,
                    "is_collector": false,
                    "isrequired": false,
                    "issearchable": false,
                    "istopnode": false,
                    "name": "statement_label",
                    "nodegroup_id": "1f936cb8-1f09-11ee-9071-214dbb482912",
                    "nodeid": "1f936cbb-1f09-11ee-9071-214dbb482912",
                    "ontologyclass": "http://www.w3.org/2001/XMLSchema#string",
                    "parentproperty": "http://www.w3.org/2000/01/rdf-schema#label",
                    "sortorder": 0,
                    "sourcebranchpublication_id": null
                },
                {
                    "alias": "statement_content",
                    "config": {},
                    "datatype": "string",
                    "description": "* Collection_id: LAP.4_Statement\n* Field_id: LAF.15_statement_content\n* Category_id: CAT.4_Description",
                    "exportable": false,
                    "fieldname": null,
                    "graph_id": "ce57ee93-1f08-11ee-9071-214dbb482912",
                    "hascustomalias": false,
                    "is_collector": false,
                    "isrequired": true,
                    "issearchable": true,
                    "istopnode": false,
                    "name": "statement_content",
                    "nodegroup_id": "1f936cb8-1f09-11ee-9071-214dbb482912",
                    "nodeid": "1f936cbc-1f09-11ee-9071-214dbb482912",
                    "ontologyclass": "http://www.w3.org/2001/XMLSchema#string",
                    "parentproperty": "http://www.cidoc-crm.org/cidoc-crm/P190_has_symbolic_content",
                    "sortorder": 0,
                    "sourcebranchpublication_id": null
                },
                {
                    "alias": "statement_name_label",
                    "config": {},
                    "datatype": "string",
                    "description": "* Collection_id: LAP.1_Name\n* Field_id: LAF.50_LAF.4_name_label\n* Category_id: CAT.4_Description",
                    "exportable": false,
                    "fieldname": null,
                    "graph_id": "ce57ee93-1f08-11ee-9071-214dbb482912",
                    "hascustomalias": false,
                    "is_collector": false,
                    "isrequired": false,
                    "issearchable": false,
                    "istopnode": false,
                    "name": "statement_name_label",
                    "nodegroup_id": "1f936cb5-1f09-11ee-9071-214dbb482912",
                    "nodeid": "1f936cc0-1f09-11ee-9071-214dbb482912",
                    "ontologyclass": "http://www.w3.org/2001/XMLSchema#string",
                    "parentproperty": "http://www.w3.org/2000/01/rdf-schema#label",
                    "sortorder": 0,
                    "sourcebranchpublication_id": null
                },
                {
                    "alias": "statement_name_content",
                    "config": {},
                    "datatype": "string",
                    "description": "* Collection_id: LAP.1_Name\n* Field_id: LAF.50_LAF.5_name_content\n* Category_id: CAT.4_Description",
                    "exportable": false,
                    "fieldname": null,
                    "graph_id": "ce57ee93-1f08-11ee-9071-214dbb482912",
                    "hascustomalias": false,
                    "is_collector": false,
                    "isrequired": true,
                    "issearchable": false,
                    "istopnode": false,
                    "name": "statement_name_content",
                    "nodegroup_id": "1f936cb5-1f09-11ee-9071-214dbb482912",
                    "nodeid": "1f936cc1-1f09-11ee-9071-214dbb482912",
                    "ontologyclass": "http://www.w3.org/2001/XMLSchema#string",
                    "parentproperty": "http://www.cidoc-crm.org/cidoc-crm/P190_has_symbolic_content",
                    "sortorder": 0,
                    "sourcebranchpublication_id": null
                },
                {
                    "alias": "type",
                    "config": {
                        "graphs": [
                            {
                                "graphid": "aac34849-19a2-11ee-8f04-cd21e680a247",
                                "name": "Concept "
                            }
                        ],
                        "searchDsl": "",
                        "searchString": ""
                    },
                    "datatype": "resource-instance-list",
                    "description": null,
                    "exportable": false,
                    "fieldname": null,
                    "graph_id": "ce57ee93-1f08-11ee-9071-214dbb482912",
                    "hascustomalias": false,
                    "is_collector": true,
                    "isrequired": false,
                    "issearchable": true,
                    "istopnode": false,
                    "name": "type",
                    "nodegroup_id": "7ea023b6-2169-11ee-a966-bfab10c4cd7b",
                    "nodeid": "7ea023b6-2169-11ee-a966-bfab10c4cd7b",
                    "ontologyclass": "http://www.cidoc-crm.org/cidoc-crm/E55_Type",
                    "parentproperty": "http://www.cidoc-crm.org/cidoc-crm/P2_has_type",
                    "sortorder": 0,
                    "sourcebranchpublication_id": null
                },
                {
                    "alias": "type_metatype",
                    "config": {
                        "graphs": [
                            {
                                "graphid": "aac34849-19a2-11ee-8f04-cd21e680a247",
                                "name": "Concept "
                            }
                        ],
                        "searchDsl": "",
                        "searchString": ""
                    },
                    "datatype": "resource-instance-list",
                    "description": null,
                    "exportable": false,
                    "fieldname": null,
                    "graph_id": "ce57ee93-1f08-11ee-9071-214dbb482912",
                    "hascustomalias": false,
                    "is_collector": false,
                    "isrequired": false,
                    "issearchable": true,
                    "istopnode": false,
                    "name": "type_metatype",
                    "nodegroup_id": "7ea023b6-2169-11ee-a966-bfab10c4cd7b",
                    "nodeid": "8642229d-2169-11ee-a966-bfab10c4cd7b",
                    "ontologyclass": "http://www.cidoc-crm.org/cidoc-crm/E55_Type",
                    "parentproperty": "http://www.cidoc-crm.org/cidoc-crm/P2_has_type",
                    "sortorder": 0,
                    "sourcebranchpublication_id": null
                },
                {
                    "alias": "statement_name_language",
                    "config": {
                        "graphs": [
                            {
                                "graphid": "aac34849-19a2-11ee-8f04-cd21e680a247",
                                "name": "Concept "
                            }
                        ],
                        "searchDsl": "",
                        "searchString": ""
                    },
                    "datatype": "resource-instance-list",
                    "description": null,
                    "exportable": false,
                    "fieldname": null,
                    "graph_id": "ce57ee93-1f08-11ee-9071-214dbb482912",
                    "hascustomalias": false,
                    "is_collector": false,
                    "isrequired": false,
                    "issearchable": true,
                    "istopnode": false,
                    "name": "statement_name_language",
                    "nodegroup_id": "1f936cb5-1f09-11ee-9071-214dbb482912",
                    "nodeid": "95a702b4-2169-11ee-a966-bfab10c4cd7b",
                    "ontologyclass": "http://www.cidoc-crm.org/cidoc-crm/E56_Language",
                    "parentproperty": "http://www.cidoc-crm.org/cidoc-crm/P72_has_language",
                    "sortorder": 0,
                    "sourcebranchpublication_id": null
                },
                {
                    "alias": "statement_name_type",
                    "config": {
                        "graphs": [
                            {
                                "graphid": "aac34849-19a2-11ee-8f04-cd21e680a247",
                                "name": "Concept "
                            }
                        ],
                        "searchDsl": "",
                        "searchString": ""
                    },
                    "datatype": "resource-instance-list",
                    "description": null,
                    "exportable": false,
                    "fieldname": null,
                    "graph_id": "ce57ee93-1f08-11ee-9071-214dbb482912",
                    "hascustomalias": false,
                    "is_collector": false,
                    "isrequired": false,
                    "issearchable": true,
                    "istopnode": false,
                    "name": "statement_name_type",
                    "nodegroup_id": "1f936cb5-1f09-11ee-9071-214dbb482912",
                    "nodeid": "a0bb1460-2169-11ee-a966-bfab10c4cd7b",
                    "ontologyclass": "http://www.cidoc-crm.org/cidoc-crm/E55_Type",
                    "parentproperty": "http://www.cidoc-crm.org/cidoc-crm/P2_has_type",
                    "sortorder": 0,
                    "sourcebranchpublication_id": null
                },
                {
                    "alias": "statement_language",
                    "config": {
                        "graphs": [
                            {
                                "graphid": "aac34849-19a2-11ee-8f04-cd21e680a247",
                                "name": "Concept "
                            }
                        ],
                        "searchDsl": "",
                        "searchString": ""
                    },
                    "datatype": "resource-instance-list",
                    "description": null,
                    "exportable": false,
                    "fieldname": null,
                    "graph_id": "ce57ee93-1f08-11ee-9071-214dbb482912",
                    "hascustomalias": false,
                    "is_collector": false,
                    "isrequired": false,
                    "issearchable": true,
                    "istopnode": false,
                    "name": "statement_language",
                    "nodegroup_id": "1f936cb8-1f09-11ee-9071-214dbb482912",
                    "nodeid": "aba1ca7c-2169-11ee-a966-bfab10c4cd7b",
                    "ontologyclass": "http://www.cidoc-crm.org/cidoc-crm/E56_Language",
                    "parentproperty": "http://www.cidoc-crm.org/cidoc-crm/P72_has_language",
                    "sortorder": 0,
                    "sourcebranchpublication_id": null
                },
                {
                    "alias": "statement_type",
                    "config": {
                        "graphs": [
                            {
                                "graphid": "aac34849-19a2-11ee-8f04-cd21e680a247",
                                "name": "Concept "
                            }
                        ],
                        "searchDsl": "",
                        "searchString": ""
                    },
                    "datatype": "resource-instance-list",
                    "description": null,
                    "exportable": false,
                    "fieldname": null,
                    "graph_id": "ce57ee93-1f08-11ee-9071-214dbb482912",
                    "hascustomalias": false,
                    "is_collector": false,
                    "isrequired": false,
                    "issearchable": true,
                    "istopnode": false,
                    "name": "statement_type",
                    "nodegroup_id": "1f936cb8-1f09-11ee-9071-214dbb482912",
                    "nodeid": "b8287a98-2169-11ee-a966-bfab10c4cd7b",
                    "ontologyclass": "http://www.cidoc-crm.org/cidoc-crm/E55_Type",
                    "parentproperty": "http://www.cidoc-crm.org/cidoc-crm/P2_has_type",
                    "sortorder": 0,
                    "sourcebranchpublication_id": null
                },
                {
                    "alias": "statement_type_metatype",
                    "config": {
                        "graphs": [
                            {
                                "graphid": "aac34849-19a2-11ee-8f04-cd21e680a247",
                                "name": "Concept "
                            }
                        ],
                        "searchDsl": "",
                        "searchString": ""
                    },
                    "datatype": "resource-instance-list",
                    "description": null,
                    "exportable": false,
                    "fieldname": null,
                    "graph_id": "ce57ee93-1f08-11ee-9071-214dbb482912",
                    "hascustomalias": false,
                    "is_collector": false,
                    "isrequired": false,
                    "issearchable": true,
                    "istopnode": false,
                    "name": "statement_type_metatype",
                    "nodegroup_id": "1f936cb8-1f09-11ee-9071-214dbb482912",
                    "nodeid": "c16bc632-2169-11ee-a966-bfab10c4cd7b",
                    "ontologyclass": "http://www.cidoc-crm.org/cidoc-crm/E55_Type",
                    "parentproperty": "http://www.cidoc-crm.org/cidoc-crm/P2_has_type",
                    "sortorder": 0,
                    "sourcebranchpublication_id": null
                },
                {
                    "alias": "digital_object",
                    "config": {},
                    "datatype": "semantic",
                    "description": "",
                    "exportable": false,
                    "fieldname": null,
                    "graph_id": "ce57ee93-1f08-11ee-9071-214dbb482912",
                    "hascustomalias": false,
                    "is_collector": false,
                    "isrequired": false,
                    "issearchable": true,
                    "istopnode": true,
                    "name": "Digital Object",
                    "nodegroup_id": null,
                    "nodeid": "ce57ee92-1f08-11ee-9071-214dbb482912",
                    "ontologyclass": "http://www.ics.forth.gr/isl/CRMdig/D1_Digital_Object",
                    "parentproperty": "",
                    "sortorder": 0,
                    "sourcebranchpublication_id": null
                },
                {
                    "alias": "identifier_type",
                    "config": {
                        "graphs": [
                            {
                                "graphid": "aac34849-19a2-11ee-8f04-cd21e680a247",
                                "name": "Concept "
                            }
                        ],
                        "searchDsl": "",
                        "searchString": ""
                    },
                    "datatype": "resource-instance-list",
                    "description": null,
                    "exportable": false,
                    "fieldname": null,
                    "graph_id": "ce57ee93-1f08-11ee-9071-214dbb482912",
                    "hascustomalias": false,
                    "is_collector": false,
                    "isrequired": false,
                    "issearchable": true,
                    "istopnode": false,
                    "name": "identifier_type",
                    "nodegroup_id": "1c8ddd39-1f09-11ee-9071-214dbb482912",
                    "nodeid": "db9039a8-2169-11ee-a966-bfab10c4cd7b",
                    "ontologyclass": "http://www.cidoc-crm.org/cidoc-crm/E55_Type",
                    "parentproperty": "http://www.cidoc-crm.org/cidoc-crm/P2_has_type",
                    "sortorder": 0,
                    "sourcebranchpublication_id": null
                },
                {
                    "alias": "name_type",
                    "config": {
                        "graphs": [
                            {
                                "graphid": "aac34849-19a2-11ee-8f04-cd21e680a247",
                                "name": "Concept "
                            }
                        ],
                        "searchDsl": "",
                        "searchString": ""
                    },
                    "datatype": "resource-instance-list",
                    "description": null,
                    "exportable": false,
                    "fieldname": null,
                    "graph_id": "ce57ee93-1f08-11ee-9071-214dbb482912",
                    "hascustomalias": false,
                    "is_collector": false,
                    "isrequired": false,
                    "issearchable": true,
                    "istopnode": false,
                    "name": "name_type",
                    "nodegroup_id": "1a4d39a7-1f09-11ee-9071-214dbb482912",
                    "nodeid": "e748995c-2169-11ee-a966-bfab10c4cd7b",
                    "ontologyclass": "http://www.cidoc-crm.org/cidoc-crm/E55_Type",
                    "parentproperty": "http://www.cidoc-crm.org/cidoc-crm/P2_has_type",
                    "sortorder": 0,
                    "sourcebranchpublication_id": null
                },
                {
                    "alias": "name_language",
                    "config": {
                        "graphs": [
                            {
                                "graphid": "aac34849-19a2-11ee-8f04-cd21e680a247",
                                "name": "Concept "
                            }
                        ],
                        "searchDsl": "",
                        "searchString": ""
                    },
                    "datatype": "resource-instance-list",
                    "description": null,
                    "exportable": false,
                    "fieldname": null,
                    "graph_id": "ce57ee93-1f08-11ee-9071-214dbb482912",
                    "hascustomalias": false,
                    "is_collector": false,
                    "isrequired": false,
                    "issearchable": true,
                    "istopnode": false,
                    "name": "name_language",
                    "nodegroup_id": "1a4d39a7-1f09-11ee-9071-214dbb482912",
                    "nodeid": "f1c15fa4-2169-11ee-a966-bfab10c4cd7b",
                    "ontologyclass": "http://www.cidoc-crm.org/cidoc-crm/E56_Language",
                    "parentproperty": "http://www.cidoc-crm.org/cidoc-crm/P72_has_language",
                    "sortorder": 0,
                    "sourcebranchpublication_id": null
                }
            ],
            "ontology_id": "0b1f5462-faa7-11e9-8f09-3af9d3b32b71",
            "publication": {
                "graph_id": "ce57ee93-1f08-11ee-9071-214dbb482912",
                "notes": null,
                "publicationid": "0aab687e-24bd-11ee-bf11-acde48001122",
                "published_time": "2023-07-17T11:14:44.148"
            },
            "relatable_resource_model_ids": [],
            "resource_2_resource_constraints": [],
            "root": {
                "alias": "digital_object",
                "config": {},
                "datatype": "semantic",
                "description": "",
                "exportable": false,
                "fieldname": null,
                "graph_id": "ce57ee93-1f08-11ee-9071-214dbb482912",
                "hascustomalias": false,
                "is_collector": false,
                "isrequired": false,
                "issearchable": true,
                "istopnode": true,
                "name": "Digital Object",
                "nodegroup_id": null,
                "nodeid": "ce57ee92-1f08-11ee-9071-214dbb482912",
                "ontologyclass": "http://www.ics.forth.gr/isl/CRMdig/D1_Digital_Object",
                "sortorder": 0,
                "sourcebranchpublication_id": null
            },
            "slug": null,
            "subtitle": {
                "en": ""
            },
            "template_id": "50000000-0000-0000-0000-000000000001",
            "version": ""
        }
    ]
}