{
    "graph": [
        {
            "author": " Linked Art Communityh",
            "cards": [
                {
                    "active": true,
                    "cardid": "42b0db85-e319-11eb-ba14-0a9473e82189",
                    "component_id": "f05e4d3a-53c1-11e8-b0ea-784f435179ea",
                    "config": null,
                    "constraints": [],
                    "cssclass": "big",
                    "description": "",
                    "graph_id": "d6774bfc-b4b4-11ea-84f7-3af9d3b32b71",
                    "helpenabled": false,
                    "helptext": {
                        "en": null
                    },
                    "helptitle": {
                        "en": null
                    },
                    "instructions": {
                        "en": null
                    },
                    "is_editable": true,
                    "name": {
                        "en": "Identifier for Group"
                    },
                    "nodegroup_id": "42b0db83-e319-11eb-ba14-0a9473e82189",
                    "sortorder": 2,
                    "visible": true
                },
                {
                    "active": true,
                    "cardid": "5bc661a8-bb18-11ea-85a6-3af9d3b32b71",
                    "component_id": "f05e4d3a-53c1-11e8-b0ea-784f435179ea",
                    "config": null,
                    "constraints": [],
                    "cssclass": "bigger",
                    "description": {
                        "en": "It is strongly recommended that every resource that should be rendered to an end user have at least one name.\nDifferent types of name can be distinguished using classifications.\nSee: https://linked.art/model/base/#names\n\nArches note: This node's content should be the value for the title descriptor function, when used for a resource model.\n\n* BranchId: la-name"
                    },
                    "graph_id": "d6774bfc-b4b4-11ea-84f7-3af9d3b32b71",
                    "helpenabled": false,
                    "helptext": {
                        "en": null
                    },
                    "helptitle": {
                        "en": null
                    },
                    "instructions": {
                        "en": null
                    },
                    "is_editable": true,
                    "name": {
                        "en": "Name of Group"
                    },
                    "nodegroup_id": "5bc65fd2-bb18-11ea-85a6-3af9d3b32b71",
                    "sortorder": 0,
                    "visible": true
                },
                {
                    "active": true,
                    "cardid": "631679aa-216c-11ee-a966-bfab10c4cd7b",
                    "component_id": "f05e4d3a-53c1-11e8-b0ea-784f435179ea",
                    "config": null,
                    "constraints": [],
                    "cssclass": null,
                    "description": null,
                    "graph_id": "d6774bfc-b4b4-11ea-84f7-3af9d3b32b71",
                    "helpenabled": false,
                    "helptext": {
                        "en": null
                    },
                    "helptitle": {
                        "en": null
                    },
                    "instructions": {
                        "en": null
                    },
                    "is_editable": true,
                    "name": {
                        "en": "Type"
                    },
                    "nodegroup_id": "631679a8-216c-11ee-a966-bfab10c4cd7b",
                    "sortorder": 1,
                    "visible": true
                },
                {
                    "active": true,
                    "cardid": "9285a1f4-bb18-11ea-85a6-3af9d3b32b71",
                    "component_id": "f05e4d3a-53c1-11e8-b0ea-784f435179ea",
                    "config": null,
                    "constraints": [],
                    "cssclass": null,
                    "description": {
                        "en": "It is strongly recommended that every resource that should be rendered to an end user have at least one name.\nDifferent types of name can be distinguished using classifications.\nSee: https://linked.art/model/base/#names\n\nArches note: This node's content should be the value for the title descriptor function, when used for a resource model."
                    },
                    "graph_id": "d6774bfc-b4b4-11ea-84f7-3af9d3b32b71",
                    "helpenabled": false,
                    "helptext": {
                        "en": null
                    },
                    "helptitle": {
                        "en": null
                    },
                    "instructions": {
                        "en": null
                    },
                    "is_editable": true,
                    "name": {
                        "en": "Name for Statement"
                    },
                    "nodegroup_id": "92859fce-bb18-11ea-85a6-3af9d3b32b71",
                    "sortorder": 1,
                    "visible": true
                },
                {
                    "active": true,
                    "cardid": "9285a6b8-bb18-11ea-85a6-3af9d3b32b71",
                    "component_id": "f05e4d3a-53c1-11e8-b0ea-784f435179ea",
                    "config": null,
                    "constraints": [],
                    "cssclass": "big",
                    "description": {
                        "en": "In many cases, current data does not support the level of specificity that the full ontology allows, or the information is simply best expressed in human-readable form. For example, instead of a completely modeled set of parts with materials, many museum collection management systems allow only a single human-readable string for the \"medium\" or \"materials statement\".  Any time that there is a description of the resource, with or without qualification as to the type of description, then this branch can be used to record the descriptive text.\nSee: https://linked.art/model/base/#statements-about-a-resource\n\n* BranchId: la-statement"
                    },
                    "graph_id": "d6774bfc-b4b4-11ea-84f7-3af9d3b32b71",
                    "helpenabled": false,
                    "helptext": {
                        "en": null
                    },
                    "helptitle": {
                        "en": null
                    },
                    "instructions": {
                        "en": null
                    },
                    "is_editable": true,
                    "name": {
                        "en": "Statement about Group"
                    },
                    "nodegroup_id": "9285a4ba-bb18-11ea-85a6-3af9d3b32b71",
                    "sortorder": 3,
                    "visible": true
                }
            ],
            "cards_x_nodes_x_widgets": [
                {
                    "card_id": "42b0db85-e319-11eb-ba14-0a9473e82189",
                    "config": {
                        "defaultValue": {
                            "en": {
                                "direction": "ltr",
                                "value": null
                            }
                        },
                        "i18n_properties": [
                            "placeholder"
                        ],
                        "label": "Identifier Label",
                        "maxLength": null,
                        "placeholder": {
                            "en": "Enter text"
                        },
                        "uneditable": false,
                        "width": "100%"
                    },
                    "id": "42b0dbbe-e319-11eb-ba14-0a9473e82189",
                    "label": {
                        "en": "Identifier Label"
                    },
                    "node_id": "42b0db96-e319-11eb-ba14-0a9473e82189",
                    "sortorder": 2,
                    "visible": false,
                    "widget_id": "10000000-0000-0000-0000-000000000001"
                },
                {
                    "card_id": "42b0db85-e319-11eb-ba14-0a9473e82189",
                    "config": {
                        "defaultValue": {
                            "en": {
                                "direction": "ltr",
                                "value": ""
                            }
                        },
                        "i18n_properties": [
                            "placeholder"
                        ],
                        "label": "Identifier",
                        "maxLength": null,
                        "placeholder": {
                            "en": "Enter text"
                        },
                        "uneditable": false,
                        "width": "100%"
                    },
                    "id": "42b0dbbf-e319-11eb-ba14-0a9473e82189",
                    "label": {
                        "en": "Identifier"
                    },
                    "node_id": "42b0dbab-e319-11eb-ba14-0a9473e82189",
                    "sortorder": 0,
                    "visible": true,
                    "widget_id": "10000000-0000-0000-0000-000000000001"
                },
                {
                    "card_id": "5bc661a8-bb18-11ea-85a6-3af9d3b32b71",
                    "config": {
                        "defaultValue": {
                            "en": {
                                "direction": "ltr",
                                "value": null
                            }
                        },
                        "i18n_properties": [
                            "placeholder"
                        ],
                        "label": "Name Label",
                        "maxLength": null,
                        "placeholder": {
                            "en": "Enter text"
                        },
                        "uneditable": false,
                        "width": "100%"
                    },
                    "id": "5bc66522-bb18-11ea-85a6-3af9d3b32b71",
                    "label": {
                        "en": "Name Label"
                    },
                    "node_id": "5bc66400-bb18-11ea-85a6-3af9d3b32b71",
                    "sortorder": 4,
                    "visible": false,
                    "widget_id": "10000000-0000-0000-0000-000000000001"
                },
                {
                    "card_id": "5bc661a8-bb18-11ea-85a6-3af9d3b32b71",
                    "config": {
                        "defaultValue": {
                            "en": {
                                "direction": "ltr",
                                "value": null
                            }
                        },
                        "i18n_properties": [
                            "placeholder"
                        ],
                        "label": "Name",
                        "maxLength": null,
                        "placeholder": {
                            "en": "Enter text"
                        },
                        "uneditable": false,
                        "width": "100%"
                    },
                    "id": "5bc66554-bb18-11ea-85a6-3af9d3b32b71",
                    "label": {
                        "en": "Name"
                    },
                    "node_id": "5bc66298-bb18-11ea-85a6-3af9d3b32b71",
                    "sortorder": 0,
                    "visible": true,
                    "widget_id": "10000000-0000-0000-0000-000000000001"
                },
                {
                    "card_id": "631679aa-216c-11ee-a966-bfab10c4cd7b",
                    "config": {
                        "defaultResourceInstance": [],
                        "i18n_properties": [
                            "placeholder"
                        ],
                        "label": "Type",
                        "placeholder": {
                            "en": ""
                        }
                    },
                    "id": "6bd001ed-216c-11ee-a966-bfab10c4cd7b",
                    "label": {
                        "en": "Type"
                    },
                    "node_id": "631679a8-216c-11ee-a966-bfab10c4cd7b",
                    "sortorder": 0,
                    "visible": true,
                    "widget_id": "ff3c400a-76ec-11e7-a793-784f435179ea"
                },
                {
                    "card_id": "5bc661a8-bb18-11ea-85a6-3af9d3b32b71",
                    "config": {
                        "defaultResourceInstance": [],
                        "i18n_properties": [
                            "placeholder"
                        ],
                        "label": "Name Type",
                        "placeholder": {
                            "en": ""
                        }
                    },
                    "id": "748e062f-2171-11ee-a966-bfab10c4cd7b",
                    "label": {
                        "en": "Name Type"
                    },
                    "node_id": "37fa732e-2170-11ee-a966-bfab10c4cd7b",
                    "sortorder": null,
                    "visible": true,
                    "widget_id": "ff3c400a-76ec-11e7-a793-784f435179ea"
                },
                {
                    "card_id": "5bc661a8-bb18-11ea-85a6-3af9d3b32b71",
                    "config": {
                        "defaultResourceInstance": [],
                        "i18n_properties": [
                            "placeholder"
                        ],
                        "label": "Name Language",
                        "placeholder": {
                            "en": ""
                        }
                    },
                    "id": "748e0631-2171-11ee-a966-bfab10c4cd7b",
                    "label": {
                        "en": "Name Language"
                    },
                    "node_id": "433c89b6-2170-11ee-a966-bfab10c4cd7b",
                    "sortorder": null,
                    "visible": true,
                    "widget_id": "ff3c400a-76ec-11e7-a793-784f435179ea"
                },
                {
                    "card_id": "9285a6b8-bb18-11ea-85a6-3af9d3b32b71",
                    "config": {
                        "defaultResourceInstance": [],
                        "i18n_properties": [
                            "placeholder"
                        ],
                        "label": "Statement Type Metatype",
                        "placeholder": {
                            "en": ""
                        }
                    },
                    "id": "80365ca7-2171-11ee-a966-bfab10c4cd7b",
                    "label": {
                        "en": "Statement Type Metatype"
                    },
                    "node_id": "05e4453a-216c-11ee-a966-bfab10c4cd7b",
                    "sortorder": null,
                    "visible": true,
                    "widget_id": "ff3c400a-76ec-11e7-a793-784f435179ea"
                },
                {
                    "card_id": "9285a6b8-bb18-11ea-85a6-3af9d3b32b71",
                    "config": {
                        "defaultResourceInstance": [],
                        "i18n_properties": [
                            "placeholder"
                        ],
                        "label": "Statement Type",
                        "placeholder": {
                            "en": ""
                        }
                    },
                    "id": "80365ca9-2171-11ee-a966-bfab10c4cd7b",
                    "label": {
                        "en": "Statement Type"
                    },
                    "node_id": "fbb24b3e-216b-11ee-a966-bfab10c4cd7b",
                    "sortorder": null,
                    "visible": true,
                    "widget_id": "ff3c400a-76ec-11e7-a793-784f435179ea"
                },
                {
                    "card_id": "9285a6b8-bb18-11ea-85a6-3af9d3b32b71",
                    "config": {
                        "defaultResourceInstance": [],
                        "i18n_properties": [
                            "placeholder"
                        ],
                        "label": "Statement Language",
                        "placeholder": {
                            "en": ""
                        }
                    },
                    "id": "80365cab-2171-11ee-a966-bfab10c4cd7b",
                    "label": {
                        "en": "Statement Language"
                    },
                    "node_id": "53892d0a-216c-11ee-a966-bfab10c4cd7b",
                    "sortorder": null,
                    "visible": true,
                    "widget_id": "ff3c400a-76ec-11e7-a793-784f435179ea"
                },
                {
                    "card_id": "9285a1f4-bb18-11ea-85a6-3af9d3b32b71",
                    "config": {
                        "defaultResourceInstance": [],
                        "i18n_properties": [
                            "placeholder"
                        ],
                        "label": "Name Language",
                        "placeholder": {
                            "en": ""
                        }
                    },
                    "id": "9045d195-2171-11ee-a966-bfab10c4cd7b",
                    "label": {
                        "en": "Name Language"
                    },
                    "node_id": "332bc202-216c-11ee-a966-bfab10c4cd7b",
                    "sortorder": null,
                    "visible": true,
                    "widget_id": "ff3c400a-76ec-11e7-a793-784f435179ea"
                },
                {
                    "card_id": "9285a1f4-bb18-11ea-85a6-3af9d3b32b71",
                    "config": {
                        "defaultResourceInstance": [],
                        "i18n_properties": [
                            "placeholder"
                        ],
                        "label": "Name Type",
                        "placeholder": {
                            "en": ""
                        }
                    },
                    "id": "9045d197-2171-11ee-a966-bfab10c4cd7b",
                    "label": {
                        "en": "Name Type"
                    },
                    "node_id": "446e620e-216c-11ee-a966-bfab10c4cd7b",
                    "sortorder": null,
                    "visible": true,
                    "widget_id": "ff3c400a-76ec-11e7-a793-784f435179ea"
                },
                {
                    "card_id": "9285a1f4-bb18-11ea-85a6-3af9d3b32b71",
                    "config": {
                        "defaultValue": {
                            "en": {
                                "direction": "ltr",
                                "value": null
                            }
                        },
                        "i18n_properties": [
                            "placeholder"
                        ],
                        "label": "Name",
                        "maxLength": null,
                        "placeholder": {
                            "en": "Enter text"
                        },
                        "uneditable": false,
                        "width": "100%"
                    },
                    "id": "9285ae74-bb18-11ea-85a6-3af9d3b32b71",
                    "label": {
                        "en": "Name"
                    },
                    "node_id": "9285aa64-bb18-11ea-85a6-3af9d3b32b71",
                    "sortorder": 0,
                    "visible": true,
                    "widget_id": "10000000-0000-0000-0000-000000000001"
                },
                {
                    "card_id": "9285a1f4-bb18-11ea-85a6-3af9d3b32b71",
                    "config": {
                        "defaultValue": {
                            "en": {
                                "direction": "ltr",
                                "value": ""
                            }
                        },
                        "i18n_properties": [
                            "placeholder"
                        ],
                        "label": "Name Label",
                        "maxLength": null,
                        "placeholder": {
                            "en": "Enter text"
                        },
                        "uneditable": false,
                        "width": "100%"
                    },
                    "id": "9285aeba-bb18-11ea-85a6-3af9d3b32b71",
                    "label": {
                        "en": "Name Label"
                    },
                    "node_id": "9285ac44-bb18-11ea-85a6-3af9d3b32b71",
                    "sortorder": 3,
                    "visible": false,
                    "widget_id": "10000000-0000-0000-0000-000000000001"
                },
                {
                    "card_id": "9285a6b8-bb18-11ea-85a6-3af9d3b32b71",
                    "config": {
                        "defaultValue": {
                            "en": {
                                "direction": "ltr",
                                "value": ""
                            }
                        },
                        "i18n_properties": [
                            "placeholder"
                        ],
                        "label": "Statement",
                        "maxLength": null,
                        "placeholder": {
                            "en": "Enter text"
                        },
                        "uneditable": false,
                        "width": "100%"
                    },
                    "id": "9285af3c-bb18-11ea-85a6-3af9d3b32b71",
                    "label": {
                        "en": "Statement"
                    },
                    "node_id": "9285a794-bb18-11ea-85a6-3af9d3b32b71",
                    "sortorder": 0,
                    "visible": true,
                    "widget_id": "10000000-0000-0000-0000-000000000005"
                },
                {
                    "card_id": "9285a6b8-bb18-11ea-85a6-3af9d3b32b71",
                    "config": {
                        "defaultValue": {
                            "en": {
                                "direction": "ltr",
                                "value": null
                            }
                        },
                        "i18n_properties": [
                            "placeholder"
                        ],
                        "label": "Statement Label",
                        "maxLength": null,
                        "placeholder": {
                            "en": "Enter text"
                        },
                        "uneditable": false,
                        "width": "100%"
                    },
                    "id": "9285af5a-bb18-11ea-85a6-3af9d3b32b71",
                    "label": {
                        "en": "Statement Label"
                    },
                    "node_id": "9285acda-bb18-11ea-85a6-3af9d3b32b71",
                    "sortorder": 6,
                    "visible": false,
                    "widget_id": "10000000-0000-0000-0000-000000000001"
                },
                {
                    "card_id": "42b0db85-e319-11eb-ba14-0a9473e82189",
                    "config": {
                        "defaultResourceInstance": [],
                        "i18n_properties": [
                            "placeholder"
                        ],
                        "label": "Identifier Type",
                        "placeholder": {
                            "en": ""
                        }
                    },
                    "id": "a38f16d6-2171-11ee-a966-bfab10c4cd7b",
                    "label": {
                        "en": "Identifier Type"
                    },
                    "node_id": "93ff3546-216c-11ee-a966-bfab10c4cd7b",
                    "sortorder": null,
                    "visible": true,
                    "widget_id": "ff3c400a-76ec-11e7-a793-784f435179ea"
                },
                {
                    "card_id": "631679aa-216c-11ee-a966-bfab10c4cd7b",
                    "config": {
                        "defaultResourceInstance": [],
                        "i18n_properties": [
                            "placeholder"
                        ],
                        "label": "Type Metatype",
                        "placeholder": {
                            "en": ""
                        }
                    },
                    "id": "a650275c-2171-11ee-a966-bfab10c4cd7b",
                    "label": {
                        "en": "Type Metatype"
                    },
                    "node_id": "6d5de5e0-216c-11ee-a966-bfab10c4cd7b",
                    "sortorder": null,
                    "visible": true,
                    "widget_id": "ff3c400a-76ec-11e7-a793-784f435179ea"
                }
            ],
            "color": "rgb(255,189,202)",
            "config": {},
            "deploymentdate": null,
            "deploymentfile": null,
            "description": {
                "en": ""
            },
            "edges": [
                {
                    "description": null,
                    "domainnode_id": "fbb24b3e-216b-11ee-a966-bfab10c4cd7b",
                    "edgeid": "05e4453b-216c-11ee-a966-bfab10c4cd7b",
                    "graph_id": "d6774bfc-b4b4-11ea-84f7-3af9d3b32b71",
                    "name": null,
                    "ontologyproperty": "http://www.cidoc-crm.org/cidoc-crm/P2_has_type",
                    "rangenode_id": "05e4453a-216c-11ee-a966-bfab10c4cd7b"
                },
                {
                    "description": null,
                    "domainnode_id": "92859fce-bb18-11ea-85a6-3af9d3b32b71",
                    "edgeid": "332bc203-216c-11ee-a966-bfab10c4cd7b",
                    "graph_id": "d6774bfc-b4b4-11ea-84f7-3af9d3b32b71",
                    "name": null,
                    "ontologyproperty": "http://www.cidoc-crm.org/cidoc-crm/P72_has_language",
                    "rangenode_id": "332bc202-216c-11ee-a966-bfab10c4cd7b"
                },
                {
                    "description": null,
                    "domainnode_id": "5bc65fd2-bb18-11ea-85a6-3af9d3b32b71",
                    "edgeid": "37fa732f-2170-11ee-a966-bfab10c4cd7b",
                    "graph_id": "d6774bfc-b4b4-11ea-84f7-3af9d3b32b71",
                    "name": null,
                    "ontologyproperty": "http://www.cidoc-crm.org/cidoc-crm/P2_has_type",
                    "rangenode_id": "37fa732e-2170-11ee-a966-bfab10c4cd7b"
                },
                {
                    "description": null,
                    "domainnode_id": "42b0db83-e319-11eb-ba14-0a9473e82189",
                    "edgeid": "42b0dbf8-e319-11eb-ba14-0a9473e82189",
                    "graph_id": "d6774bfc-b4b4-11ea-84f7-3af9d3b32b71",
                    "name": null,
                    "ontologyproperty": "http://www.w3.org/2000/01/rdf-schema#label",
                    "rangenode_id": "42b0db96-e319-11eb-ba14-0a9473e82189"
                },
                {
                    "description": null,
                    "domainnode_id": "42b0db83-e319-11eb-ba14-0a9473e82189",
                    "edgeid": "42b0dbf9-e319-11eb-ba14-0a9473e82189",
                    "graph_id": "d6774bfc-b4b4-11ea-84f7-3af9d3b32b71",
                    "name": null,
                    "ontologyproperty": "http://www.cidoc-crm.org/cidoc-crm/P190_has_symbolic_content",
                    "rangenode_id": "42b0dbab-e319-11eb-ba14-0a9473e82189"
                },
                {
                    "description": null,
                    "domainnode_id": "d67749ae-b4b4-11ea-84f7-3af9d3b32b71",
                    "edgeid": "42b0dc06-e319-11eb-ba14-0a9473e82189",
                    "graph_id": "d6774bfc-b4b4-11ea-84f7-3af9d3b32b71",
                    "name": null,
                    "ontologyproperty": "http://www.cidoc-crm.org/cidoc-crm/P1_is_identified_by",
                    "rangenode_id": "42b0db83-e319-11eb-ba14-0a9473e82189"
                },
                {
                    "description": null,
                    "domainnode_id": "5bc65fd2-bb18-11ea-85a6-3af9d3b32b71",
                    "edgeid": "433c89b7-2170-11ee-a966-bfab10c4cd7b",
                    "graph_id": "d6774bfc-b4b4-11ea-84f7-3af9d3b32b71",
                    "name": null,
                    "ontologyproperty": "http://www.cidoc-crm.org/cidoc-crm/P72_has_language",
                    "rangenode_id": "433c89b6-2170-11ee-a966-bfab10c4cd7b"
                },
                {
                    "description": null,
                    "domainnode_id": "92859fce-bb18-11ea-85a6-3af9d3b32b71",
                    "edgeid": "446e620f-216c-11ee-a966-bfab10c4cd7b",
                    "graph_id": "d6774bfc-b4b4-11ea-84f7-3af9d3b32b71",
                    "name": null,
                    "ontologyproperty": "http://www.cidoc-crm.org/cidoc-crm/P2_has_type",
                    "rangenode_id": "446e620e-216c-11ee-a966-bfab10c4cd7b"
                },
                {
                    "description": null,
                    "domainnode_id": "9285a4ba-bb18-11ea-85a6-3af9d3b32b71",
                    "edgeid": "53892d0b-216c-11ee-a966-bfab10c4cd7b",
                    "graph_id": "d6774bfc-b4b4-11ea-84f7-3af9d3b32b71",
                    "name": null,
                    "ontologyproperty": "http://www.cidoc-crm.org/cidoc-crm/P72_has_language",
                    "rangenode_id": "53892d0a-216c-11ee-a966-bfab10c4cd7b"
                },
                {
                    "description": null,
                    "domainnode_id": "5bc65fd2-bb18-11ea-85a6-3af9d3b32b71",
                    "edgeid": "5bc66ae0-bb18-11ea-85a6-3af9d3b32b71",
                    "graph_id": "d6774bfc-b4b4-11ea-84f7-3af9d3b32b71",
                    "name": null,
                    "ontologyproperty": "http://www.w3.org/2000/01/rdf-schema#label",
                    "rangenode_id": "5bc66400-bb18-11ea-85a6-3af9d3b32b71"
                },
                {
                    "description": null,
                    "domainnode_id": "5bc65fd2-bb18-11ea-85a6-3af9d3b32b71",
                    "edgeid": "5bc66b94-bb18-11ea-85a6-3af9d3b32b71",
                    "graph_id": "d6774bfc-b4b4-11ea-84f7-3af9d3b32b71",
                    "name": null,
                    "ontologyproperty": "http://www.cidoc-crm.org/cidoc-crm/P190_has_symbolic_content",
                    "rangenode_id": "5bc66298-bb18-11ea-85a6-3af9d3b32b71"
                },
                {
                    "description": null,
                    "domainnode_id": "d67749ae-b4b4-11ea-84f7-3af9d3b32b71",
                    "edgeid": "5bc66c70-bb18-11ea-85a6-3af9d3b32b71",
                    "graph_id": "d6774bfc-b4b4-11ea-84f7-3af9d3b32b71",
                    "name": null,
                    "ontologyproperty": "http://www.cidoc-crm.org/cidoc-crm/P1_is_identified_by",
                    "rangenode_id": "5bc65fd2-bb18-11ea-85a6-3af9d3b32b71"
                },
                {
                    "description": null,
                    "domainnode_id": "d67749ae-b4b4-11ea-84f7-3af9d3b32b71",
                    "edgeid": "631679ab-216c-11ee-a966-bfab10c4cd7b",
                    "graph_id": "d6774bfc-b4b4-11ea-84f7-3af9d3b32b71",
                    "name": null,
                    "ontologyproperty": "http://www.cidoc-crm.org/cidoc-crm/P2_has_type",
                    "rangenode_id": "631679a8-216c-11ee-a966-bfab10c4cd7b"
                },
                {
                    "description": null,
                    "domainnode_id": "631679a8-216c-11ee-a966-bfab10c4cd7b",
                    "edgeid": "6d5de5e1-216c-11ee-a966-bfab10c4cd7b",
                    "graph_id": "d6774bfc-b4b4-11ea-84f7-3af9d3b32b71",
                    "name": null,
                    "ontologyproperty": "http://www.cidoc-crm.org/cidoc-crm/P2_has_type",
                    "rangenode_id": "6d5de5e0-216c-11ee-a966-bfab10c4cd7b"
                },
                {
                    "description": null,
                    "domainnode_id": "92859fce-bb18-11ea-85a6-3af9d3b32b71",
                    "edgeid": "9285c06c-bb18-11ea-85a6-3af9d3b32b71",
                    "graph_id": "d6774bfc-b4b4-11ea-84f7-3af9d3b32b71",
                    "name": null,
                    "ontologyproperty": "http://www.cidoc-crm.org/cidoc-crm/P190_has_symbolic_content",
                    "rangenode_id": "9285aa64-bb18-11ea-85a6-3af9d3b32b71"
                },
                {
                    "description": null,
                    "domainnode_id": "9285a4ba-bb18-11ea-85a6-3af9d3b32b71",
                    "edgeid": "9285c134-bb18-11ea-85a6-3af9d3b32b71",
                    "graph_id": "d6774bfc-b4b4-11ea-84f7-3af9d3b32b71",
                    "name": null,
                    "ontologyproperty": "http://www.cidoc-crm.org/cidoc-crm/P190_has_symbolic_content",
                    "rangenode_id": "9285a794-bb18-11ea-85a6-3af9d3b32b71"
                },
                {
                    "description": null,
                    "domainnode_id": "9285a4ba-bb18-11ea-85a6-3af9d3b32b71",
                    "edgeid": "9285c22e-bb18-11ea-85a6-3af9d3b32b71",
                    "graph_id": "d6774bfc-b4b4-11ea-84f7-3af9d3b32b71",
                    "name": null,
                    "ontologyproperty": "http://www.w3.org/2000/01/rdf-schema#label",
                    "rangenode_id": "9285acda-bb18-11ea-85a6-3af9d3b32b71"
                },
                {
                    "description": null,
                    "domainnode_id": "92859fce-bb18-11ea-85a6-3af9d3b32b71",
                    "edgeid": "9285c422-bb18-11ea-85a6-3af9d3b32b71",
                    "graph_id": "d6774bfc-b4b4-11ea-84f7-3af9d3b32b71",
                    "name": null,
                    "ontologyproperty": "http://www.w3.org/2000/01/rdf-schema#label",
                    "rangenode_id": "9285ac44-bb18-11ea-85a6-3af9d3b32b71"
                },
                {
                    "description": null,
                    "domainnode_id": "9285a4ba-bb18-11ea-85a6-3af9d3b32b71",
                    "edgeid": "9285c4f4-bb18-11ea-85a6-3af9d3b32b71",
                    "graph_id": "d6774bfc-b4b4-11ea-84f7-3af9d3b32b71",
                    "name": null,
                    "ontologyproperty": "http://www.cidoc-crm.org/cidoc-crm/P1_is_identified_by",
                    "rangenode_id": "92859fce-bb18-11ea-85a6-3af9d3b32b71"
                },
                {
                    "description": null,
                    "domainnode_id": "d67749ae-b4b4-11ea-84f7-3af9d3b32b71",
                    "edgeid": "9285c76a-bb18-11ea-85a6-3af9d3b32b71",
                    "graph_id": "d6774bfc-b4b4-11ea-84f7-3af9d3b32b71",
                    "name": null,
                    "ontologyproperty": "http://www.cidoc-crm.org/cidoc-crm/P67i_is_referred_to_by",
                    "rangenode_id": "9285a4ba-bb18-11ea-85a6-3af9d3b32b71"
                },
                {
                    "description": null,
                    "domainnode_id": "42b0db83-e319-11eb-ba14-0a9473e82189",
                    "edgeid": "93ff3547-216c-11ee-a966-bfab10c4cd7b",
                    "graph_id": "d6774bfc-b4b4-11ea-84f7-3af9d3b32b71",
                    "name": null,
                    "ontologyproperty": "http://www.cidoc-crm.org/cidoc-crm/P2_has_type",
                    "rangenode_id": "93ff3546-216c-11ee-a966-bfab10c4cd7b"
                },
                {
                    "description": null,
                    "domainnode_id": "9285a4ba-bb18-11ea-85a6-3af9d3b32b71",
                    "edgeid": "fbb24b3f-216b-11ee-a966-bfab10c4cd7b",
                    "graph_id": "d6774bfc-b4b4-11ea-84f7-3af9d3b32b71",
                    "name": null,
                    "ontologyproperty": "http://www.cidoc-crm.org/cidoc-crm/P2_has_type",
                    "rangenode_id": "fbb24b3e-216b-11ee-a966-bfab10c4cd7b"
                }
            ],
            "functions_x_graphs": [
                {
                    "config": {
                        "description": {
                            "nodegroup_id": "9285a4ba-bb18-11ea-85a6-3af9d3b32b71",
                            "string_template": "<statement_content>"
                        },
                        "descriptor_types": {
                            "description": {
                                "nodegroup_id": "",
                                "string_template": ""
                            },
                            "map_popup": {
                                "nodegroup_id": "",
                                "string_template": ""
                            },
                            "name": {
                                "nodegroup_id": "5bc65fd2-bb18-11ea-85a6-3af9d3b32b71",
                                "string_template": "<name_content>"
                            }
                        },
                        "map_popup": {
                            "nodegroup_id": "",
                            "string_template": ""
                        },
                        "name": {
                            "nodegroup_id": "5bc65fd2-bb18-11ea-85a6-3af9d3b32b71",
                            "string_template": "<name_content>"
                        },
                        "triggering_nodegroups": []
                    },
                    "function_id": "60000000-0000-0000-0000-000000000001",
                    "graph_id": "d6774bfc-b4b4-11ea-84f7-3af9d3b32b71",
                    "id": "a845e23f-9fb8-4e7a-b392-5cecac2959d2"
                }
            ],
            "graphid": "d6774bfc-b4b4-11ea-84f7-3af9d3b32b71",
            "iconclass": "fa fa-users",
            "is_editable": true,
            "isresource": true,
            "jsonldcontext": "https://linked.art/ns/v1/linked-art.json",
            "name": {
                "en": "Group"
            },
            "nodegroups": [
                {
                    "cardinality": "n",
                    "legacygroupid": null,
                    "nodegroupid": "42b0db83-e319-11eb-ba14-0a9473e82189",
                    "parentnodegroup_id": null
                },
                {
                    "cardinality": "n",
                    "legacygroupid": null,
                    "nodegroupid": "5bc65fd2-bb18-11ea-85a6-3af9d3b32b71",
                    "parentnodegroup_id": null
                },
                {
                    "cardinality": "1",
                    "legacygroupid": null,
                    "nodegroupid": "631679a8-216c-11ee-a966-bfab10c4cd7b",
                    "parentnodegroup_id": null
                },
                {
                    "cardinality": "n",
                    "legacygroupid": null,
                    "nodegroupid": "92859fce-bb18-11ea-85a6-3af9d3b32b71",
                    "parentnodegroup_id": "9285a4ba-bb18-11ea-85a6-3af9d3b32b71"
                },
                {
                    "cardinality": "n",
                    "legacygroupid": null,
                    "nodegroupid": "9285a4ba-bb18-11ea-85a6-3af9d3b32b71",
                    "parentnodegroup_id": null
                }
            ],
            "nodes": [
                {
                    "alias": "statement_type_metatype",
                    "config": {
                        "graphs": [
                            {
                                "graphid": "aac34849-19a2-11ee-8f04-cd21e680a247",
                                "name": "Concept "
                            }
                        ],
                        "searchDsl": "",
                        "searchString": ""
                    },
                    "datatype": "resource-instance-list",
                    "description": null,
                    "exportable": false,
                    "fieldname": null,
                    "graph_id": "d6774bfc-b4b4-11ea-84f7-3af9d3b32b71",
                    "hascustomalias": false,
                    "is_collector": false,
                    "isrequired": false,
                    "issearchable": true,
                    "istopnode": false,
                    "name": "statement_type_metatype",
                    "nodegroup_id": "9285a4ba-bb18-11ea-85a6-3af9d3b32b71",
                    "nodeid": "05e4453a-216c-11ee-a966-bfab10c4cd7b",
                    "ontologyclass": "http://www.cidoc-crm.org/cidoc-crm/E55_Type",
                    "parentproperty": "http://www.cidoc-crm.org/cidoc-crm/P2_has_type",
                    "sortorder": 0,
                    "sourcebranchpublication_id": null
                },
                {
                    "alias": "statement_name_language",
                    "config": {
                        "graphs": [
                            {
                                "graphid": "aac34849-19a2-11ee-8f04-cd21e680a247",
                                "name": "Concept "
                            }
                        ],
                        "searchDsl": "",
                        "searchString": ""
                    },
                    "datatype": "resource-instance-list",
                    "description": null,
                    "exportable": false,
                    "fieldname": null,
                    "graph_id": "d6774bfc-b4b4-11ea-84f7-3af9d3b32b71",
                    "hascustomalias": false,
                    "is_collector": false,
                    "isrequired": false,
                    "issearchable": true,
                    "istopnode": false,
                    "name": "statement_name_language",
                    "nodegroup_id": "92859fce-bb18-11ea-85a6-3af9d3b32b71",
                    "nodeid": "332bc202-216c-11ee-a966-bfab10c4cd7b",
                    "ontologyclass": "http://www.cidoc-crm.org/cidoc-crm/E56_Language",
                    "parentproperty": "http://www.cidoc-crm.org/cidoc-crm/P72_has_language",
                    "sortorder": 0,
                    "sourcebranchpublication_id": null
                },
                {
                    "alias": "name_type",
                    "config": {
                        "graphs": [
                            {
                                "graphid": "aac34849-19a2-11ee-8f04-cd21e680a247",
                                "name": "Concept "
                            }
                        ],
                        "searchDsl": "",
                        "searchString": ""
                    },
                    "datatype": "resource-instance-list",
                    "description": null,
                    "exportable": false,
                    "fieldname": null,
                    "graph_id": "d6774bfc-b4b4-11ea-84f7-3af9d3b32b71",
                    "hascustomalias": false,
                    "is_collector": false,
                    "isrequired": false,
                    "issearchable": true,
                    "istopnode": false,
                    "name": "name_type",
                    "nodegroup_id": "5bc65fd2-bb18-11ea-85a6-3af9d3b32b71",
                    "nodeid": "37fa732e-2170-11ee-a966-bfab10c4cd7b",
                    "ontologyclass": "http://www.cidoc-crm.org/cidoc-crm/E55_Type",
                    "parentproperty": "http://www.cidoc-crm.org/cidoc-crm/P2_has_type",
                    "sortorder": 0,
                    "sourcebranchpublication_id": null
                },
                {
                    "alias": "identifier",
                    "config": {},
                    "datatype": "semantic",
                    "description": "",
                    "exportable": false,
                    "fieldname": null,
                    "graph_id": "d6774bfc-b4b4-11ea-84f7-3af9d3b32b71",
                    "hascustomalias": false,
                    "is_collector": true,
                    "isrequired": false,
                    "issearchable": true,
                    "istopnode": false,
                    "name": "identifier",
                    "nodegroup_id": "42b0db83-e319-11eb-ba14-0a9473e82189",
                    "nodeid": "42b0db83-e319-11eb-ba14-0a9473e82189",
                    "ontologyclass": "http://www.cidoc-crm.org/cidoc-crm/E42_Identifier",
                    "parentproperty": "http://www.cidoc-crm.org/cidoc-crm/P1_is_identified_by",
                    "sortorder": 0,
                    "sourcebranchpublication_id": null
                },
                {
                    "alias": "identifier_label",
                    "config": {},
                    "datatype": "string",
                    "description": "* Collection_id: LAP.2_Identifier\n* Field_id: LAF.8_identifier_label\n* Category_id: CAT.1_Names_and_Classifications",
                    "exportable": false,
                    "fieldname": null,
                    "graph_id": "d6774bfc-b4b4-11ea-84f7-3af9d3b32b71",
                    "hascustomalias": false,
                    "is_collector": false,
                    "isrequired": false,
                    "issearchable": false,
                    "istopnode": false,
                    "name": "identifier_label",
                    "nodegroup_id": "42b0db83-e319-11eb-ba14-0a9473e82189",
                    "nodeid": "42b0db96-e319-11eb-ba14-0a9473e82189",
                    "ontologyclass": "http://www.w3.org/2001/XMLSchema#string",
                    "parentproperty": "http://www.w3.org/2000/01/rdf-schema#label",
                    "sortorder": 0,
                    "sourcebranchpublication_id": null
                },
                {
                    "alias": "identifier_content",
                    "config": {},
                    "datatype": "string",
                    "description": "* Collection_id: LAP.2_Identifier\n* Field_id: LAF.10_identifier_content\n* Category_id: CAT.1_Names_and_Classifications",
                    "exportable": false,
                    "fieldname": null,
                    "graph_id": "d6774bfc-b4b4-11ea-84f7-3af9d3b32b71",
                    "hascustomalias": false,
                    "is_collector": false,
                    "isrequired": true,
                    "issearchable": true,
                    "istopnode": false,
                    "name": "identifier_content",
                    "nodegroup_id": "42b0db83-e319-11eb-ba14-0a9473e82189",
                    "nodeid": "42b0dbab-e319-11eb-ba14-0a9473e82189",
                    "ontologyclass": "http://www.w3.org/2001/XMLSchema#string",
                    "parentproperty": "http://www.cidoc-crm.org/cidoc-crm/P190_has_symbolic_content",
                    "sortorder": 0,
                    "sourcebranchpublication_id": null
                },
                {
                    "alias": "name_language",
                    "config": {
                        "graphs": [
                            {
                                "graphid": "aac34849-19a2-11ee-8f04-cd21e680a247",
                                "name": "Concept "
                            }
                        ],
                        "searchDsl": "",
                        "searchString": ""
                    },
                    "datatype": "resource-instance-list",
                    "description": null,
                    "exportable": false,
                    "fieldname": null,
                    "graph_id": "d6774bfc-b4b4-11ea-84f7-3af9d3b32b71",
                    "hascustomalias": false,
                    "is_collector": false,
                    "isrequired": false,
                    "issearchable": true,
                    "istopnode": false,
                    "name": "name_language",
                    "nodegroup_id": "5bc65fd2-bb18-11ea-85a6-3af9d3b32b71",
                    "nodeid": "433c89b6-2170-11ee-a966-bfab10c4cd7b",
                    "ontologyclass": "http://www.cidoc-crm.org/cidoc-crm/E56_Language",
                    "parentproperty": "http://www.cidoc-crm.org/cidoc-crm/P72_has_language",
                    "sortorder": 0,
                    "sourcebranchpublication_id": null
                },
                {
                    "alias": "statement_name_type",
                    "config": {
                        "graphs": [
                            {
                                "graphid": "aac34849-19a2-11ee-8f04-cd21e680a247",
                                "name": "Concept "
                            }
                        ],
                        "searchDsl": "",
                        "searchString": ""
                    },
                    "datatype": "resource-instance-list",
                    "description": null,
                    "exportable": false,
                    "fieldname": null,
                    "graph_id": "d6774bfc-b4b4-11ea-84f7-3af9d3b32b71",
                    "hascustomalias": false,
                    "is_collector": false,
                    "isrequired": false,
                    "issearchable": true,
                    "istopnode": false,
                    "name": "statement_name_type",
                    "nodegroup_id": "92859fce-bb18-11ea-85a6-3af9d3b32b71",
                    "nodeid": "446e620e-216c-11ee-a966-bfab10c4cd7b",
                    "ontologyclass": "http://www.cidoc-crm.org/cidoc-crm/E55_Type",
                    "parentproperty": "http://www.cidoc-crm.org/cidoc-crm/P2_has_type",
                    "sortorder": 0,
                    "sourcebranchpublication_id": null
                },
                {
                    "alias": "statement_language",
                    "config": {
                        "graphs": [
                            {
                                "graphid": "aac34849-19a2-11ee-8f04-cd21e680a247",
                                "name": "Concept "
                            }
                        ],
                        "searchDsl": "",
                        "searchString": ""
                    },
                    "datatype": "resource-instance-list",
                    "description": null,
                    "exportable": false,
                    "fieldname": null,
                    "graph_id": "d6774bfc-b4b4-11ea-84f7-3af9d3b32b71",
                    "hascustomalias": false,
                    "is_collector": false,
                    "isrequired": false,
                    "issearchable": true,
                    "istopnode": false,
                    "name": "statement_language",
                    "nodegroup_id": "9285a4ba-bb18-11ea-85a6-3af9d3b32b71",
                    "nodeid": "53892d0a-216c-11ee-a966-bfab10c4cd7b",
                    "ontologyclass": "http://www.cidoc-crm.org/cidoc-crm/E56_Language",
                    "parentproperty": "http://www.cidoc-crm.org/cidoc-crm/P72_has_language",
                    "sortorder": 0,
                    "sourcebranchpublication_id": null
                },
                {
                    "alias": "name",
                    "config": {},
                    "datatype": "semantic",
                    "description": "# Specific:\n\n\n# General:\nIt is strongly recommended that every resource that should be rendered to an end user have at least one name. Different types of name can be distinguished using classifications. See: https://linked.art/model/base/#names\n\n# Arches Note:\nThis node's content should be the value for the title descriptor function, when used for a resource model.\n\n* BranchId: la-name\n* FieldId: \n",
                    "exportable": false,
                    "fieldname": null,
                    "graph_id": "d6774bfc-b4b4-11ea-84f7-3af9d3b32b71",
                    "hascustomalias": false,
                    "is_collector": true,
                    "isrequired": false,
                    "issearchable": true,
                    "istopnode": false,
                    "name": "name",
                    "nodegroup_id": "5bc65fd2-bb18-11ea-85a6-3af9d3b32b71",
                    "nodeid": "5bc65fd2-bb18-11ea-85a6-3af9d3b32b71",
                    "ontologyclass": "http://www.cidoc-crm.org/cidoc-crm/E33_E41_Linguistic_Appellation",
                    "parentproperty": "http://www.cidoc-crm.org/cidoc-crm/P1_is_identified_by",
                    "sortorder": 0,
                    "sourcebranchpublication_id": null
                },
                {
                    "alias": "name_content",
                    "config": {},
                    "datatype": "string",
                    "description": "* Collection_id: LAP.1_Name\n* Field_id: LAF.6_name_content\n* Category_id: CAT.1_Names_and_Classifications",
                    "exportable": false,
                    "fieldname": null,
                    "graph_id": "d6774bfc-b4b4-11ea-84f7-3af9d3b32b71",
                    "hascustomalias": false,
                    "is_collector": false,
                    "isrequired": true,
                    "issearchable": true,
                    "istopnode": false,
                    "name": "name_content",
                    "nodegroup_id": "5bc65fd2-bb18-11ea-85a6-3af9d3b32b71",
                    "nodeid": "5bc66298-bb18-11ea-85a6-3af9d3b32b71",
                    "ontologyclass": "http://www.w3.org/2001/XMLSchema#string",
                    "parentproperty": "http://www.cidoc-crm.org/cidoc-crm/P190_has_symbolic_content",
                    "sortorder": 0,
                    "sourcebranchpublication_id": null
                },
                {
                    "alias": "name_label",
                    "config": {},
                    "datatype": "string",
                    "description": "* Collection_id: LAP.1_Name\n* Field_id: LAF.4_name_label\n* Category_id: CAT.1_Names_and_Classifications\n\n",
                    "exportable": false,
                    "fieldname": null,
                    "graph_id": "d6774bfc-b4b4-11ea-84f7-3af9d3b32b71",
                    "hascustomalias": false,
                    "is_collector": false,
                    "isrequired": false,
                    "issearchable": false,
                    "istopnode": false,
                    "name": "name_label",
                    "nodegroup_id": "5bc65fd2-bb18-11ea-85a6-3af9d3b32b71",
                    "nodeid": "5bc66400-bb18-11ea-85a6-3af9d3b32b71",
                    "ontologyclass": "http://www.w3.org/2001/XMLSchema#string",
                    "parentproperty": "http://www.w3.org/2000/01/rdf-schema#label",
                    "sortorder": 0,
                    "sourcebranchpublication_id": null
                },
                {
                    "alias": "type",
                    "config": {
                        "graphs": [
                            {
                                "graphid": "aac34849-19a2-11ee-8f04-cd21e680a247",
                                "name": "Concept "
                            }
                        ],
                        "searchDsl": "",
                        "searchString": ""
                    },
                    "datatype": "resource-instance-list",
                    "description": null,
                    "exportable": false,
                    "fieldname": null,
                    "graph_id": "d6774bfc-b4b4-11ea-84f7-3af9d3b32b71",
                    "hascustomalias": false,
                    "is_collector": true,
                    "isrequired": false,
                    "issearchable": true,
                    "istopnode": false,
                    "name": "type",
                    "nodegroup_id": "631679a8-216c-11ee-a966-bfab10c4cd7b",
                    "nodeid": "631679a8-216c-11ee-a966-bfab10c4cd7b",
                    "ontologyclass": "http://www.cidoc-crm.org/cidoc-crm/E55_Type",
                    "parentproperty": "http://www.cidoc-crm.org/cidoc-crm/P2_has_type",
                    "sortorder": 0,
                    "sourcebranchpublication_id": null
                },
                {
                    "alias": "type_metatype",
                    "config": {
                        "graphs": [
                            {
                                "graphid": "aac34849-19a2-11ee-8f04-cd21e680a247",
                                "name": "Concept "
                            }
                        ],
                        "searchDsl": "",
                        "searchString": ""
                    },
                    "datatype": "resource-instance-list",
                    "description": null,
                    "exportable": false,
                    "fieldname": null,
                    "graph_id": "d6774bfc-b4b4-11ea-84f7-3af9d3b32b71",
                    "hascustomalias": false,
                    "is_collector": false,
                    "isrequired": false,
                    "issearchable": true,
                    "istopnode": false,
                    "name": "type_metatype",
                    "nodegroup_id": "631679a8-216c-11ee-a966-bfab10c4cd7b",
                    "nodeid": "6d5de5e0-216c-11ee-a966-bfab10c4cd7b",
                    "ontologyclass": "http://www.cidoc-crm.org/cidoc-crm/E55_Type",
                    "parentproperty": "http://www.cidoc-crm.org/cidoc-crm/P2_has_type",
                    "sortorder": 0,
                    "sourcebranchpublication_id": null
                },
                {
                    "alias": "statement_name",
                    "config": {},
                    "datatype": "semantic",
                    "description": "* Collection_id: LAP.4_Statement\n* Field_id: LAF.50_name_statement\n* Category_id: CAT.4_Description",
                    "exportable": false,
                    "fieldname": null,
                    "graph_id": "d6774bfc-b4b4-11ea-84f7-3af9d3b32b71",
                    "hascustomalias": false,
                    "is_collector": true,
                    "isrequired": false,
                    "issearchable": true,
                    "istopnode": false,
                    "name": "statement_name",
                    "nodegroup_id": "92859fce-bb18-11ea-85a6-3af9d3b32b71",
                    "nodeid": "92859fce-bb18-11ea-85a6-3af9d3b32b71",
                    "ontologyclass": "http://www.cidoc-crm.org/cidoc-crm/E33_E41_Linguistic_Appellation",
                    "parentproperty": "http://www.cidoc-crm.org/cidoc-crm/P1_is_identified_by",
                    "sortorder": 0,
                    "sourcebranchpublication_id": null
                },
                {
                    "alias": "statement",
                    "config": {},
                    "datatype": "semantic",
                    "description": "# Specific:\n\n\n# General:\nIn many cases, current data does not support the level of specificity that the full ontology allows, or the information is simply best expressed in human-readable form. For example, instead of a completely modeled set of parts with materials, many museum collection management systems allow only a single human-readable string for the \"medium\" or \"materials statement\".  Any time that there is a description of the resource, with or without qualification as to the type of description, then this branch can be used to record the descriptive text. See: https://linked.art/model/base/#statements-about-a-resource\n\n# Arches Note:\n\n\n* BranchId: la-statement\n* FieldId: \n",
                    "exportable": false,
                    "fieldname": null,
                    "graph_id": "d6774bfc-b4b4-11ea-84f7-3af9d3b32b71",
                    "hascustomalias": false,
                    "is_collector": true,
                    "isrequired": false,
                    "issearchable": true,
                    "istopnode": false,
                    "name": "statement",
                    "nodegroup_id": "9285a4ba-bb18-11ea-85a6-3af9d3b32b71",
                    "nodeid": "9285a4ba-bb18-11ea-85a6-3af9d3b32b71",
                    "ontologyclass": "http://www.cidoc-crm.org/cidoc-crm/E33_Linguistic_Object",
                    "parentproperty": "http://www.cidoc-crm.org/cidoc-crm/P67i_is_referred_to_by",
                    "sortorder": 0,
                    "sourcebranchpublication_id": null
                },
                {
                    "alias": "statement_content",
                    "config": {},
                    "datatype": "string",
                    "description": "* Collection_id: LAP.4_Statement\n* Field_id: LAF.15_statement_content\n* Category_id: CAT.4_Description",
                    "exportable": false,
                    "fieldname": null,
                    "graph_id": "d6774bfc-b4b4-11ea-84f7-3af9d3b32b71",
                    "hascustomalias": false,
                    "is_collector": false,
                    "isrequired": true,
                    "issearchable": true,
                    "istopnode": false,
                    "name": "statement_content",
                    "nodegroup_id": "9285a4ba-bb18-11ea-85a6-3af9d3b32b71",
                    "nodeid": "9285a794-bb18-11ea-85a6-3af9d3b32b71",
                    "ontologyclass": "http://www.w3.org/2001/XMLSchema#string",
                    "parentproperty": "http://www.cidoc-crm.org/cidoc-crm/P190_has_symbolic_content",
                    "sortorder": 0,
                    "sourcebranchpublication_id": null
                },
                {
                    "alias": "statement_name_content",
                    "config": {},
                    "datatype": "string",
                    "description": "* Collection_id: LAP.1_Name\n* Field_id: LAF.50_LAF.5_name_content\n* Category_id: CAT.4_Description",
                    "exportable": false,
                    "fieldname": null,
                    "graph_id": "d6774bfc-b4b4-11ea-84f7-3af9d3b32b71",
                    "hascustomalias": false,
                    "is_collector": false,
                    "isrequired": true,
                    "issearchable": false,
                    "istopnode": false,
                    "name": "statement_name_content",
                    "nodegroup_id": "92859fce-bb18-11ea-85a6-3af9d3b32b71",
                    "nodeid": "9285aa64-bb18-11ea-85a6-3af9d3b32b71",
                    "ontologyclass": "http://www.w3.org/2001/XMLSchema#string",
                    "parentproperty": "http://www.cidoc-crm.org/cidoc-crm/P190_has_symbolic_content",
                    "sortorder": 0,
                    "sourcebranchpublication_id": null
                },
                {
                    "alias": "statement_name__label",
                    "config": {},
                    "datatype": "string",
                    "description": "* Collection_id: LAP.1_Name\n* Field_id: LAF.50_LAF.4_name_label\n* Category_id: CAT.4_Description",
                    "exportable": false,
                    "fieldname": null,
                    "graph_id": "d6774bfc-b4b4-11ea-84f7-3af9d3b32b71",
                    "hascustomalias": false,
                    "is_collector": false,
                    "isrequired": false,
                    "issearchable": false,
                    "istopnode": false,
                    "name": "statement_name__label",
                    "nodegroup_id": "92859fce-bb18-11ea-85a6-3af9d3b32b71",
                    "nodeid": "9285ac44-bb18-11ea-85a6-3af9d3b32b71",
                    "ontologyclass": "http://www.w3.org/2001/XMLSchema#string",
                    "parentproperty": "http://www.w3.org/2000/01/rdf-schema#label",
                    "sortorder": 0,
                    "sourcebranchpublication_id": null
                },
                {
                    "alias": "statement_label",
                    "config": {},
                    "datatype": "string",
                    "description": "* Collection_id: LAP.4_Statement\n* Field_id: LAF.13_statement_label\n* Category_id: CAT.4_Description",
                    "exportable": false,
                    "fieldname": null,
                    "graph_id": "d6774bfc-b4b4-11ea-84f7-3af9d3b32b71",
                    "hascustomalias": false,
                    "is_collector": false,
                    "isrequired": false,
                    "issearchable": false,
                    "istopnode": false,
                    "name": "statement_label",
                    "nodegroup_id": "9285a4ba-bb18-11ea-85a6-3af9d3b32b71",
                    "nodeid": "9285acda-bb18-11ea-85a6-3af9d3b32b71",
                    "ontologyclass": "http://www.w3.org/2001/XMLSchema#string",
                    "parentproperty": "http://www.w3.org/2000/01/rdf-schema#label",
                    "sortorder": 0,
                    "sourcebranchpublication_id": null
                },
                {
                    "alias": "identifier_type",
                    "config": {
                        "graphs": [
                            {
                                "graphid": "aac34849-19a2-11ee-8f04-cd21e680a247",
                                "name": "Concept "
                            }
                        ],
                        "searchDsl": "",
                        "searchString": ""
                    },
                    "datatype": "resource-instance-list",
                    "description": null,
                    "exportable": false,
                    "fieldname": null,
                    "graph_id": "d6774bfc-b4b4-11ea-84f7-3af9d3b32b71",
                    "hascustomalias": false,
                    "is_collector": false,
                    "isrequired": false,
                    "issearchable": true,
                    "istopnode": false,
                    "name": "identifier_type",
                    "nodegroup_id": "42b0db83-e319-11eb-ba14-0a9473e82189",
                    "nodeid": "93ff3546-216c-11ee-a966-bfab10c4cd7b",
                    "ontologyclass": "http://www.cidoc-crm.org/cidoc-crm/E55_Type",
                    "parentproperty": "http://www.cidoc-crm.org/cidoc-crm/P2_has_type",
                    "sortorder": 0,
                    "sourcebranchpublication_id": null
                },
                {
                    "alias": "group",
                    "config": {},
                    "datatype": "semantic",
                    "description": "# Specific:\n\n\n# General:\n\n\n# Arches Note:\n\n\n* BranchId: \n* FieldId: \n",
                    "exportable": false,
                    "fieldname": null,
                    "graph_id": "d6774bfc-b4b4-11ea-84f7-3af9d3b32b71",
                    "hascustomalias": false,
                    "is_collector": false,
                    "isrequired": false,
                    "issearchable": true,
                    "istopnode": true,
                    "name": "Group",
                    "nodegroup_id": null,
                    "nodeid": "d67749ae-b4b4-11ea-84f7-3af9d3b32b71",
                    "ontologyclass": "http://www.cidoc-crm.org/cidoc-crm/E74_Group",
                    "parentproperty": "",
                    "sortorder": 0,
                    "sourcebranchpublication_id": null
                },
                {
                    "alias": "statement_type",
                    "config": {
                        "graphs": [
                            {
                                "graphid": "aac34849-19a2-11ee-8f04-cd21e680a247",
                                "name": "Concept "
                            }
                        ],
                        "searchDsl": "",
                        "searchString": ""
                    },
                    "datatype": "resource-instance-list",
                    "description": null,
                    "exportable": false,
                    "fieldname": null,
                    "graph_id": "d6774bfc-b4b4-11ea-84f7-3af9d3b32b71",
                    "hascustomalias": false,
                    "is_collector": false,
                    "isrequired": false,
                    "issearchable": true,
                    "istopnode": false,
                    "name": "statement_type",
                    "nodegroup_id": "9285a4ba-bb18-11ea-85a6-3af9d3b32b71",
                    "nodeid": "fbb24b3e-216b-11ee-a966-bfab10c4cd7b",
                    "ontologyclass": "http://www.cidoc-crm.org/cidoc-crm/E55_Type",
                    "parentproperty": "http://www.cidoc-crm.org/cidoc-crm/P2_has_type",
                    "sortorder": 0,
                    "sourcebranchpublication_id": null
                }
            ],
            "ontology_id": "0b1f5462-faa7-11e9-8f09-3af9d3b32b71",
            "publication": {
                "graph_id": "d6774bfc-b4b4-11ea-84f7-3af9d3b32b71",
                "notes": null,
                "publicationid": "0cf6bfd4-24bd-11ee-bf11-acde48001122",
                "published_time": "2023-07-17T11:14:47.998"
            },
            "relatable_resource_model_ids": [],
            "resource_2_resource_constraints": [],
            "root": {
                "alias": "group",
                "config": {},
                "datatype": "semantic",
                "description": "# Specific:\n\n\n# General:\n\n\n# Arches Note:\n\n\n* BranchId: \n* FieldId: \n",
                "exportable": false,
                "fieldname": null,
                "graph_id": "d6774bfc-b4b4-11ea-84f7-3af9d3b32b71",
                "hascustomalias": false,
                "is_collector": false,
                "isrequired": false,
                "issearchable": true,
                "istopnode": true,
                "name": "Group",
                "nodegroup_id": null,
                "nodeid": "d67749ae-b4b4-11ea-84f7-3af9d3b32b71",
                "ontologyclass": "http://www.cidoc-crm.org/cidoc-crm/E74_Group",
                "sortorder": 0,
                "sourcebranchpublication_id": null
            },
            "slug": "group",
            "subtitle": {
                "en": "One or more people or sub-groups that act collectively"
            },
            "template_id": "50000000-0000-0000-0000-000000000001",
            "version": ""
        }
    ]
}