{
    "graph": [
        {
            "author": " Linked Art Community",
            "cards": [
                {
                    "active": true,
                    "cardid": "4952a8f4-bb15-11ea-85a6-3af9d3b32b71",
                    "component_id": "f05e4d3a-53c1-11e8-b0ea-784f435179ea",
                    "config": null,
                    "constraints": [],
                    "cssclass": "bigger",
                    "description": {
                        "en": "It is strongly recommended that every resource that should be rendered to an end user have at least one name.\nDifferent types of name can be distinguished using classifications.\nSee: https://linked.art/model/base/#names\n\nArches note: This node's content should be the value for the title descriptor function, when used for a resource model.\n\n* BranchId: la-name"
                    },
                    "graph_id": "9ffb6fcc-b4b4-11ea-84f7-3af9d3b32b71",
                    "helpenabled": false,
                    "helptext": {
                        "en": null
                    },
                    "helptitle": {
                        "en": null
                    },
                    "instructions": {
                        "en": null
                    },
                    "is_editable": true,
                    "name": {
                        "en": "Name"
                    },
                    "nodegroup_id": "4952a70a-bb15-11ea-85a6-3af9d3b32b71",
                    "sortorder": 0,
                    "visible": true
                },
                {
                    "active": true,
                    "cardid": "5782c634-bb15-11ea-85a6-3af9d3b32b71",
                    "component_id": "f05e4d3a-53c1-11e8-b0ea-784f435179ea",
                    "config": null,
                    "constraints": [],
                    "cssclass": "big",
                    "description": {
                        "en": "Many resources have identifier values associated with them of different types, such as accession numbers, database numbers, lot numbers for auctions and so forth.  Identifiers are similar to Names, but instead use the Identifier class and do not have a language associated with them.\nSee: https://linked.art/model/base/#identifiers\n\n* BranchId: la-identifier"
                    },
                    "graph_id": "9ffb6fcc-b4b4-11ea-84f7-3af9d3b32b71",
                    "helpenabled": false,
                    "helptext": {
                        "en": null
                    },
                    "helptitle": {
                        "en": null
                    },
                    "instructions": {
                        "en": null
                    },
                    "is_editable": true,
                    "name": {
                        "en": "Identifier"
                    },
                    "nodegroup_id": "5782c422-bb15-11ea-85a6-3af9d3b32b71",
                    "sortorder": 2,
                    "visible": true
                },
                {
                    "active": true,
                    "cardid": "615fc422-bb15-11ea-85a6-3af9d3b32b71",
                    "component_id": "f05e4d3a-53c1-11e8-b0ea-784f435179ea",
                    "config": null,
                    "constraints": [],
                    "cssclass": null,
                    "description": {
                        "en": "It is strongly recommended that every resource that should be rendered to an end user have at least one name.\nDifferent types of name can be distinguished using classifications.\nSee: https://linked.art/model/base/#names\n\nArches note: This node's content should be the value for the title descriptor function, when used for a resource model."
                    },
                    "graph_id": "9ffb6fcc-b4b4-11ea-84f7-3af9d3b32b71",
                    "helpenabled": false,
                    "helptext": {
                        "en": null
                    },
                    "helptitle": {
                        "en": null
                    },
                    "instructions": {
                        "en": null
                    },
                    "is_editable": true,
                    "name": {
                        "en": "Name for Statement"
                    },
                    "nodegroup_id": "615fc260-bb15-11ea-85a6-3af9d3b32b71",
                    "sortorder": 1,
                    "visible": true
                },
                {
                    "active": true,
                    "cardid": "615fc684-bb15-11ea-85a6-3af9d3b32b71",
                    "component_id": "f05e4d3a-53c1-11e8-b0ea-784f435179ea",
                    "config": null,
                    "constraints": [],
                    "cssclass": "big",
                    "description": {
                        "en": "In many cases, current data does not support the level of specificity that the full ontology allows, or the information is simply best expressed in human-readable form. For example, instead of a completely modeled set of parts with materials, many museum collection management systems allow only a single human-readable string for the \"medium\" or \"materials statement\".  Any time that there is a description of the resource, with or without qualification as to the type of description, then this branch can be used to record the descriptive text.\nSee: https://linked.art/model/base/#statements-about-a-resource\n\n* BranchId: la-statement"
                    },
                    "graph_id": "9ffb6fcc-b4b4-11ea-84f7-3af9d3b32b71",
                    "helpenabled": false,
                    "helptext": {
                        "en": null
                    },
                    "helptitle": {
                        "en": null
                    },
                    "instructions": {
                        "en": null
                    },
                    "is_editable": true,
                    "name": {
                        "en": "Statement about Person"
                    },
                    "nodegroup_id": "615fc53a-bb15-11ea-85a6-3af9d3b32b71",
                    "sortorder": 3,
                    "visible": true
                },
                {
                    "active": true,
                    "cardid": "ee3acd88-216c-11ee-a966-bfab10c4cd7b",
                    "component_id": "f05e4d3a-53c1-11e8-b0ea-784f435179ea",
                    "config": null,
                    "constraints": [],
                    "cssclass": null,
                    "description": null,
                    "graph_id": "9ffb6fcc-b4b4-11ea-84f7-3af9d3b32b71",
                    "helpenabled": false,
                    "helptext": {
                        "en": null
                    },
                    "helptitle": {
                        "en": null
                    },
                    "instructions": {
                        "en": null
                    },
                    "is_editable": true,
                    "name": {
                        "en": "Type"
                    },
                    "nodegroup_id": "ee3acd86-216c-11ee-a966-bfab10c4cd7b",
                    "sortorder": 1,
                    "visible": true
                }
            ],
            "cards_x_nodes_x_widgets": [
                {
                    "card_id": "615fc422-bb15-11ea-85a6-3af9d3b32b71",
                    "config": {
                        "defaultResourceInstance": [],
                        "i18n_properties": [
                            "placeholder"
                        ],
                        "label": "Name Language",
                        "placeholder": {
                            "en": ""
                        }
                    },
                    "id": "0a73411a-2172-11ee-a966-bfab10c4cd7b",
                    "label": {
                        "en": "Name Language"
                    },
                    "node_id": "a35e9198-216d-11ee-a966-bfab10c4cd7b",
                    "sortorder": null,
                    "visible": true,
                    "widget_id": "ff3c400a-76ec-11e7-a793-784f435179ea"
                },
                {
                    "card_id": "615fc422-bb15-11ea-85a6-3af9d3b32b71",
                    "config": {
                        "defaultResourceInstance": [],
                        "i18n_properties": [
                            "placeholder"
                        ],
                        "label": "Name Type",
                        "placeholder": {
                            "en": ""
                        }
                    },
                    "id": "0a73411c-2172-11ee-a966-bfab10c4cd7b",
                    "label": {
                        "en": "Name Type"
                    },
                    "node_id": "ae5246e4-216d-11ee-a966-bfab10c4cd7b",
                    "sortorder": null,
                    "visible": true,
                    "widget_id": "ff3c400a-76ec-11e7-a793-784f435179ea"
                },
                {
                    "card_id": "4952a8f4-bb15-11ea-85a6-3af9d3b32b71",
                    "config": {
                        "defaultValue": {
                            "en": {
                                "direction": "ltr",
                                "value": null
                            }
                        },
                        "i18n_properties": [
                            "placeholder"
                        ],
                        "label": "Name Label",
                        "maxLength": null,
                        "placeholder": {
                            "en": "Enter text"
                        },
                        "uneditable": false,
                        "width": "100%"
                    },
                    "id": "4952ac78-bb15-11ea-85a6-3af9d3b32b71",
                    "label": {
                        "en": "Name Label"
                    },
                    "node_id": "4952ab56-bb15-11ea-85a6-3af9d3b32b71",
                    "sortorder": 3,
                    "visible": false,
                    "widget_id": "10000000-0000-0000-0000-000000000001"
                },
                {
                    "card_id": "4952a8f4-bb15-11ea-85a6-3af9d3b32b71",
                    "config": {
                        "defaultValue": {
                            "en": {
                                "direction": "ltr",
                                "value": ""
                            }
                        },
                        "i18n_properties": [
                            "placeholder"
                        ],
                        "label": "Name",
                        "maxLength": null,
                        "placeholder": {
                            "en": "Enter text"
                        },
                        "uneditable": false,
                        "width": "100%"
                    },
                    "id": "4952aca0-bb15-11ea-85a6-3af9d3b32b71",
                    "label": {
                        "en": "Name"
                    },
                    "node_id": "4952a9ee-bb15-11ea-85a6-3af9d3b32b71",
                    "sortorder": 0,
                    "visible": true,
                    "widget_id": "10000000-0000-0000-0000-000000000001"
                },
                {
                    "card_id": "5782c634-bb15-11ea-85a6-3af9d3b32b71",
                    "config": {
                        "defaultValue": {
                            "en": {
                                "direction": "ltr",
                                "value": ""
                            }
                        },
                        "i18n_properties": [
                            "placeholder"
                        ],
                        "label": "Identifier",
                        "maxLength": null,
                        "placeholder": {
                            "en": "Enter text"
                        },
                        "uneditable": false,
                        "width": "100%"
                    },
                    "id": "5782c936-bb15-11ea-85a6-3af9d3b32b71",
                    "label": {
                        "en": "Identifier"
                    },
                    "node_id": "5782c8dc-bb15-11ea-85a6-3af9d3b32b71",
                    "sortorder": 0,
                    "visible": true,
                    "widget_id": "10000000-0000-0000-0000-000000000001"
                },
                {
                    "card_id": "5782c634-bb15-11ea-85a6-3af9d3b32b71",
                    "config": {
                        "defaultValue": {
                            "en": {
                                "direction": "ltr",
                                "value": null
                            }
                        },
                        "i18n_properties": [
                            "placeholder"
                        ],
                        "label": "Identifier Label",
                        "maxLength": null,
                        "placeholder": {
                            "en": "Enter text"
                        },
                        "uneditable": false,
                        "width": "100%"
                    },
                    "id": "5782c9ae-bb15-11ea-85a6-3af9d3b32b71",
                    "label": {
                        "en": "Identifier Label"
                    },
                    "node_id": "5782c742-bb15-11ea-85a6-3af9d3b32b71",
                    "sortorder": 2,
                    "visible": false,
                    "widget_id": "10000000-0000-0000-0000-000000000001"
                },
                {
                    "card_id": "615fc422-bb15-11ea-85a6-3af9d3b32b71",
                    "config": {
                        "defaultValue": {
                            "en": {
                                "direction": "ltr",
                                "value": null
                            }
                        },
                        "i18n_properties": [
                            "placeholder"
                        ],
                        "label": "Name",
                        "maxLength": null,
                        "placeholder": {
                            "en": "Enter text"
                        },
                        "uneditable": false,
                        "width": "100%"
                    },
                    "id": "615fcc10-bb15-11ea-85a6-3af9d3b32b71",
                    "label": {
                        "en": "Name"
                    },
                    "node_id": "615fc882-bb15-11ea-85a6-3af9d3b32b71",
                    "sortorder": 0,
                    "visible": true,
                    "widget_id": "10000000-0000-0000-0000-000000000001"
                },
                {
                    "card_id": "615fc422-bb15-11ea-85a6-3af9d3b32b71",
                    "config": {
                        "defaultValue": {
                            "en": {
                                "direction": "ltr",
                                "value": ""
                            }
                        },
                        "i18n_properties": [
                            "placeholder"
                        ],
                        "label": "Name Label",
                        "maxLength": null,
                        "placeholder": {
                            "en": "Enter text"
                        },
                        "uneditable": false,
                        "width": "100%"
                    },
                    "id": "615fcc38-bb15-11ea-85a6-3af9d3b32b71",
                    "label": {
                        "en": "Name Label"
                    },
                    "node_id": "615fca26-bb15-11ea-85a6-3af9d3b32b71",
                    "sortorder": 3,
                    "visible": false,
                    "widget_id": "10000000-0000-0000-0000-000000000001"
                },
                {
                    "card_id": "615fc684-bb15-11ea-85a6-3af9d3b32b71",
                    "config": {
                        "defaultValue": {
                            "en": {
                                "direction": "ltr",
                                "value": ""
                            }
                        },
                        "i18n_properties": [
                            "placeholder"
                        ],
                        "label": "Statement",
                        "maxLength": null,
                        "placeholder": {
                            "en": "Enter text"
                        },
                        "uneditable": false,
                        "width": "100%"
                    },
                    "id": "615fccb0-bb15-11ea-85a6-3af9d3b32b71",
                    "label": {
                        "en": "Statement"
                    },
                    "node_id": "615fc738-bb15-11ea-85a6-3af9d3b32b71",
                    "sortorder": 0,
                    "visible": true,
                    "widget_id": "10000000-0000-0000-0000-000000000005"
                },
                {
                    "card_id": "615fc684-bb15-11ea-85a6-3af9d3b32b71",
                    "config": {
                        "defaultValue": {
                            "en": {
                                "direction": "ltr",
                                "value": null
                            }
                        },
                        "i18n_properties": [
                            "placeholder"
                        ],
                        "label": "Statement Label",
                        "maxLength": null,
                        "placeholder": {
                            "en": "Enter text"
                        },
                        "uneditable": false,
                        "width": "100%"
                    },
                    "id": "615fccce-bb15-11ea-85a6-3af9d3b32b71",
                    "label": {
                        "en": "Statement Label"
                    },
                    "node_id": "615fcab2-bb15-11ea-85a6-3af9d3b32b71",
                    "sortorder": 4,
                    "visible": false,
                    "widget_id": "10000000-0000-0000-0000-000000000001"
                },
                {
                    "card_id": "4952a8f4-bb15-11ea-85a6-3af9d3b32b71",
                    "config": {
                        "defaultResourceInstance": [],
                        "i18n_properties": [
                            "placeholder"
                        ],
                        "label": "Name Language",
                        "placeholder": {
                            "en": ""
                        }
                    },
                    "id": "deaede21-2171-11ee-a966-bfab10c4cd7b",
                    "label": {
                        "en": "Name Language"
                    },
                    "node_id": "6a949a4e-2170-11ee-a966-bfab10c4cd7b",
                    "sortorder": null,
                    "visible": true,
                    "widget_id": "ff3c400a-76ec-11e7-a793-784f435179ea"
                },
                {
                    "card_id": "ee3acd88-216c-11ee-a966-bfab10c4cd7b",
                    "config": {
                        "defaultResourceInstance": [],
                        "i18n_properties": [
                            "placeholder"
                        ],
                        "label": "Type Metatype",
                        "placeholder": {
                            "en": ""
                        }
                    },
                    "id": "e7a632aa-2171-11ee-a966-bfab10c4cd7b",
                    "label": {
                        "en": "Type Metatype"
                    },
                    "node_id": "05fdb064-216d-11ee-a966-bfab10c4cd7b",
                    "sortorder": null,
                    "visible": true,
                    "widget_id": "ff3c400a-76ec-11e7-a793-784f435179ea"
                },
                {
                    "card_id": "5782c634-bb15-11ea-85a6-3af9d3b32b71",
                    "config": {
                        "defaultResourceInstance": [],
                        "i18n_properties": [
                            "placeholder"
                        ],
                        "label": "Identifier Type",
                        "placeholder": {
                            "en": ""
                        }
                    },
                    "id": "f31a1411-2171-11ee-a966-bfab10c4cd7b",
                    "label": {
                        "en": "Identifier Type"
                    },
                    "node_id": "18b182e4-216d-11ee-a966-bfab10c4cd7b",
                    "sortorder": null,
                    "visible": true,
                    "widget_id": "ff3c400a-76ec-11e7-a793-784f435179ea"
                },
                {
                    "card_id": "ee3acd88-216c-11ee-a966-bfab10c4cd7b",
                    "config": {
                        "defaultResourceInstance": [],
                        "i18n_properties": [
                            "placeholder"
                        ],
                        "label": "Type",
                        "placeholder": {
                            "en": ""
                        }
                    },
                    "id": "f90e893f-216c-11ee-a966-bfab10c4cd7b",
                    "label": {
                        "en": "Type"
                    },
                    "node_id": "ee3acd86-216c-11ee-a966-bfab10c4cd7b",
                    "sortorder": 0,
                    "visible": true,
                    "widget_id": "ff3c400a-76ec-11e7-a793-784f435179ea"
                },
                {
                    "card_id": "615fc684-bb15-11ea-85a6-3af9d3b32b71",
                    "config": {
                        "defaultResourceInstance": [],
                        "i18n_properties": [
                            "placeholder"
                        ],
                        "label": "Statement Type",
                        "placeholder": {
                            "en": ""
                        }
                    },
                    "id": "fb1de706-2171-11ee-a966-bfab10c4cd7b",
                    "label": {
                        "en": "Statement Type"
                    },
                    "node_id": "287e784e-216d-11ee-a966-bfab10c4cd7b",
                    "sortorder": null,
                    "visible": true,
                    "widget_id": "ff3c400a-76ec-11e7-a793-784f435179ea"
                },
                {
                    "card_id": "615fc684-bb15-11ea-85a6-3af9d3b32b71",
                    "config": {
                        "defaultResourceInstance": [],
                        "i18n_properties": [
                            "placeholder"
                        ],
                        "label": "Statement Type Metatype",
                        "placeholder": {
                            "en": ""
                        }
                    },
                    "id": "fb1de708-2171-11ee-a966-bfab10c4cd7b",
                    "label": {
                        "en": "Statement Type Metatype"
                    },
                    "node_id": "83e80dbc-216d-11ee-a966-bfab10c4cd7b",
                    "sortorder": null,
                    "visible": true,
                    "widget_id": "ff3c400a-76ec-11e7-a793-784f435179ea"
                },
                {
                    "card_id": "615fc684-bb15-11ea-85a6-3af9d3b32b71",
                    "config": {
                        "defaultResourceInstance": [],
                        "i18n_properties": [
                            "placeholder"
                        ],
                        "label": "Statement Language",
                        "placeholder": {
                            "en": ""
                        }
                    },
                    "id": "fb1de70a-2171-11ee-a966-bfab10c4cd7b",
                    "label": {
                        "en": "Statement Language"
                    },
                    "node_id": "ba18ea96-216d-11ee-a966-bfab10c4cd7b",
                    "sortorder": null,
                    "visible": true,
                    "widget_id": "ff3c400a-76ec-11e7-a793-784f435179ea"
                }
            ],
            "color": "rgb(255,189,202)",
            "config": {},
            "deploymentdate": null,
            "deploymentfile": null,
            "description": {
                "en": ""
            },
            "edges": [
                {
                    "description": null,
                    "domainnode_id": "ee3acd86-216c-11ee-a966-bfab10c4cd7b",
                    "edgeid": "05fdb065-216d-11ee-a966-bfab10c4cd7b",
                    "graph_id": "9ffb6fcc-b4b4-11ea-84f7-3af9d3b32b71",
                    "name": null,
                    "ontologyproperty": "http://www.cidoc-crm.org/cidoc-crm/P2_has_type",
                    "rangenode_id": "05fdb064-216d-11ee-a966-bfab10c4cd7b"
                },
                {
                    "description": null,
                    "domainnode_id": "5782c422-bb15-11ea-85a6-3af9d3b32b71",
                    "edgeid": "18b182e5-216d-11ee-a966-bfab10c4cd7b",
                    "graph_id": "9ffb6fcc-b4b4-11ea-84f7-3af9d3b32b71",
                    "name": null,
                    "ontologyproperty": "http://www.cidoc-crm.org/cidoc-crm/P2_has_type",
                    "rangenode_id": "18b182e4-216d-11ee-a966-bfab10c4cd7b"
                },
                {
                    "description": null,
                    "domainnode_id": "615fc53a-bb15-11ea-85a6-3af9d3b32b71",
                    "edgeid": "287e784f-216d-11ee-a966-bfab10c4cd7b",
                    "graph_id": "9ffb6fcc-b4b4-11ea-84f7-3af9d3b32b71",
                    "name": null,
                    "ontologyproperty": "http://www.cidoc-crm.org/cidoc-crm/P2_has_type",
                    "rangenode_id": "287e784e-216d-11ee-a966-bfab10c4cd7b"
                },
                {
                    "description": null,
                    "domainnode_id": "4952a70a-bb15-11ea-85a6-3af9d3b32b71",
                    "edgeid": "4952b146-bb15-11ea-85a6-3af9d3b32b71",
                    "graph_id": "9ffb6fcc-b4b4-11ea-84f7-3af9d3b32b71",
                    "name": null,
                    "ontologyproperty": "http://www.w3.org/2000/01/rdf-schema#label",
                    "rangenode_id": "4952ab56-bb15-11ea-85a6-3af9d3b32b71"
                },
                {
                    "description": null,
                    "domainnode_id": "4952a70a-bb15-11ea-85a6-3af9d3b32b71",
                    "edgeid": "4952b1e6-bb15-11ea-85a6-3af9d3b32b71",
                    "graph_id": "9ffb6fcc-b4b4-11ea-84f7-3af9d3b32b71",
                    "name": null,
                    "ontologyproperty": "http://www.cidoc-crm.org/cidoc-crm/P190_has_symbolic_content",
                    "rangenode_id": "4952a9ee-bb15-11ea-85a6-3af9d3b32b71"
                },
                {
                    "description": null,
                    "domainnode_id": "9ffb6da6-b4b4-11ea-84f7-3af9d3b32b71",
                    "edgeid": "4952b2a4-bb15-11ea-85a6-3af9d3b32b71",
                    "graph_id": "9ffb6fcc-b4b4-11ea-84f7-3af9d3b32b71",
                    "name": null,
                    "ontologyproperty": "http://www.cidoc-crm.org/cidoc-crm/P1_is_identified_by",
                    "rangenode_id": "4952a70a-bb15-11ea-85a6-3af9d3b32b71"
                },
                {
                    "description": null,
                    "domainnode_id": "5782c422-bb15-11ea-85a6-3af9d3b32b71",
                    "edgeid": "5782cd50-bb15-11ea-85a6-3af9d3b32b71",
                    "graph_id": "9ffb6fcc-b4b4-11ea-84f7-3af9d3b32b71",
                    "name": null,
                    "ontologyproperty": "http://www.w3.org/2000/01/rdf-schema#label",
                    "rangenode_id": "5782c742-bb15-11ea-85a6-3af9d3b32b71"
                },
                {
                    "description": null,
                    "domainnode_id": "5782c422-bb15-11ea-85a6-3af9d3b32b71",
                    "edgeid": "5782cdd2-bb15-11ea-85a6-3af9d3b32b71",
                    "graph_id": "9ffb6fcc-b4b4-11ea-84f7-3af9d3b32b71",
                    "name": null,
                    "ontologyproperty": "http://www.cidoc-crm.org/cidoc-crm/P190_has_symbolic_content",
                    "rangenode_id": "5782c8dc-bb15-11ea-85a6-3af9d3b32b71"
                },
                {
                    "description": null,
                    "domainnode_id": "9ffb6da6-b4b4-11ea-84f7-3af9d3b32b71",
                    "edgeid": "5782cefe-bb15-11ea-85a6-3af9d3b32b71",
                    "graph_id": "9ffb6fcc-b4b4-11ea-84f7-3af9d3b32b71",
                    "name": null,
                    "ontologyproperty": "http://www.cidoc-crm.org/cidoc-crm/P1_is_identified_by",
                    "rangenode_id": "5782c422-bb15-11ea-85a6-3af9d3b32b71"
                },
                {
                    "description": null,
                    "domainnode_id": "615fc260-bb15-11ea-85a6-3af9d3b32b71",
                    "edgeid": "615fd9a8-bb15-11ea-85a6-3af9d3b32b71",
                    "graph_id": "9ffb6fcc-b4b4-11ea-84f7-3af9d3b32b71",
                    "name": null,
                    "ontologyproperty": "http://www.cidoc-crm.org/cidoc-crm/P190_has_symbolic_content",
                    "rangenode_id": "615fc882-bb15-11ea-85a6-3af9d3b32b71"
                },
                {
                    "description": null,
                    "domainnode_id": "615fc53a-bb15-11ea-85a6-3af9d3b32b71",
                    "edgeid": "615fda16-bb15-11ea-85a6-3af9d3b32b71",
                    "graph_id": "9ffb6fcc-b4b4-11ea-84f7-3af9d3b32b71",
                    "name": null,
                    "ontologyproperty": "http://www.cidoc-crm.org/cidoc-crm/P190_has_symbolic_content",
                    "rangenode_id": "615fc738-bb15-11ea-85a6-3af9d3b32b71"
                },
                {
                    "description": null,
                    "domainnode_id": "615fc53a-bb15-11ea-85a6-3af9d3b32b71",
                    "edgeid": "615fdaf2-bb15-11ea-85a6-3af9d3b32b71",
                    "graph_id": "9ffb6fcc-b4b4-11ea-84f7-3af9d3b32b71",
                    "name": null,
                    "ontologyproperty": "http://www.w3.org/2000/01/rdf-schema#label",
                    "rangenode_id": "615fcab2-bb15-11ea-85a6-3af9d3b32b71"
                },
                {
                    "description": null,
                    "domainnode_id": "615fc260-bb15-11ea-85a6-3af9d3b32b71",
                    "edgeid": "615fdb7e-bb15-11ea-85a6-3af9d3b32b71",
                    "graph_id": "9ffb6fcc-b4b4-11ea-84f7-3af9d3b32b71",
                    "name": null,
                    "ontologyproperty": "http://www.w3.org/2000/01/rdf-schema#label",
                    "rangenode_id": "615fca26-bb15-11ea-85a6-3af9d3b32b71"
                },
                {
                    "description": null,
                    "domainnode_id": "615fc53a-bb15-11ea-85a6-3af9d3b32b71",
                    "edgeid": "615fdbc4-bb15-11ea-85a6-3af9d3b32b71",
                    "graph_id": "9ffb6fcc-b4b4-11ea-84f7-3af9d3b32b71",
                    "name": null,
                    "ontologyproperty": "http://www.cidoc-crm.org/cidoc-crm/P1_is_identified_by",
                    "rangenode_id": "615fc260-bb15-11ea-85a6-3af9d3b32b71"
                },
                {
                    "description": null,
                    "domainnode_id": "9ffb6da6-b4b4-11ea-84f7-3af9d3b32b71",
                    "edgeid": "615fdd2c-bb15-11ea-85a6-3af9d3b32b71",
                    "graph_id": "9ffb6fcc-b4b4-11ea-84f7-3af9d3b32b71",
                    "name": null,
                    "ontologyproperty": "http://www.cidoc-crm.org/cidoc-crm/P67i_is_referred_to_by",
                    "rangenode_id": "615fc53a-bb15-11ea-85a6-3af9d3b32b71"
                },
                {
                    "description": null,
                    "domainnode_id": "4952a70a-bb15-11ea-85a6-3af9d3b32b71",
                    "edgeid": "6a949a4f-2170-11ee-a966-bfab10c4cd7b",
                    "graph_id": "9ffb6fcc-b4b4-11ea-84f7-3af9d3b32b71",
                    "name": null,
                    "ontologyproperty": "http://www.cidoc-crm.org/cidoc-crm/P72_has_language",
                    "rangenode_id": "6a949a4e-2170-11ee-a966-bfab10c4cd7b"
                },
                {
                    "description": null,
                    "domainnode_id": "4952a70a-bb15-11ea-85a6-3af9d3b32b71",
                    "edgeid": "7aaa9623-2170-11ee-a966-bfab10c4cd7b",
                    "graph_id": "9ffb6fcc-b4b4-11ea-84f7-3af9d3b32b71",
                    "name": null,
                    "ontologyproperty": "http://www.cidoc-crm.org/cidoc-crm/P2_has_type",
                    "rangenode_id": "7aaa9622-2170-11ee-a966-bfab10c4cd7b"
                },
                {
                    "description": null,
                    "domainnode_id": "287e784e-216d-11ee-a966-bfab10c4cd7b",
                    "edgeid": "83e80dbd-216d-11ee-a966-bfab10c4cd7b",
                    "graph_id": "9ffb6fcc-b4b4-11ea-84f7-3af9d3b32b71",
                    "name": null,
                    "ontologyproperty": "http://www.cidoc-crm.org/cidoc-crm/P2_has_type",
                    "rangenode_id": "83e80dbc-216d-11ee-a966-bfab10c4cd7b"
                },
                {
                    "description": null,
                    "domainnode_id": "615fc260-bb15-11ea-85a6-3af9d3b32b71",
                    "edgeid": "a35e9199-216d-11ee-a966-bfab10c4cd7b",
                    "graph_id": "9ffb6fcc-b4b4-11ea-84f7-3af9d3b32b71",
                    "name": null,
                    "ontologyproperty": "http://www.cidoc-crm.org/cidoc-crm/P72_has_language",
                    "rangenode_id": "a35e9198-216d-11ee-a966-bfab10c4cd7b"
                },
                {
                    "description": null,
                    "domainnode_id": "615fc260-bb15-11ea-85a6-3af9d3b32b71",
                    "edgeid": "ae5246e5-216d-11ee-a966-bfab10c4cd7b",
                    "graph_id": "9ffb6fcc-b4b4-11ea-84f7-3af9d3b32b71",
                    "name": null,
                    "ontologyproperty": "http://www.cidoc-crm.org/cidoc-crm/P2_has_type",
                    "rangenode_id": "ae5246e4-216d-11ee-a966-bfab10c4cd7b"
                },
                {
                    "description": null,
                    "domainnode_id": "615fc53a-bb15-11ea-85a6-3af9d3b32b71",
                    "edgeid": "ba18ea97-216d-11ee-a966-bfab10c4cd7b",
                    "graph_id": "9ffb6fcc-b4b4-11ea-84f7-3af9d3b32b71",
                    "name": null,
                    "ontologyproperty": "http://www.cidoc-crm.org/cidoc-crm/P72_has_language",
                    "rangenode_id": "ba18ea96-216d-11ee-a966-bfab10c4cd7b"
                },
                {
                    "description": null,
                    "domainnode_id": "9ffb6da6-b4b4-11ea-84f7-3af9d3b32b71",
                    "edgeid": "ee3acd89-216c-11ee-a966-bfab10c4cd7b",
                    "graph_id": "9ffb6fcc-b4b4-11ea-84f7-3af9d3b32b71",
                    "name": null,
                    "ontologyproperty": "http://www.cidoc-crm.org/cidoc-crm/P2_has_type",
                    "rangenode_id": "ee3acd86-216c-11ee-a966-bfab10c4cd7b"
                }
            ],
            "functions_x_graphs": [
                {
                    "config": {
                        "description": {
                            "nodegroup_id": "615fc53a-bb15-11ea-85a6-3af9d3b32b71",
                            "string_template": "<statement_content>"
                        },
                        "descriptor_types": {
                            "description": {
                                "nodegroup_id": "",
                                "string_template": ""
                            },
                            "map_popup": {
                                "nodegroup_id": "",
                                "string_template": ""
                            },
                            "name": {
                                "nodegroup_id": "4952a70a-bb15-11ea-85a6-3af9d3b32b71",
                                "string_template": "<name_content>"
                            }
                        },
                        "map_popup": {
                            "nodegroup_id": "",
                            "string_template": ""
                        },
                        "name": {
                            "nodegroup_id": "4952a70a-bb15-11ea-85a6-3af9d3b32b71",
                            "string_template": " <name_content>"
                        },
                        "triggering_nodegroups": []
                    },
                    "function_id": "60000000-0000-0000-0000-000000000001",
                    "graph_id": "9ffb6fcc-b4b4-11ea-84f7-3af9d3b32b71",
                    "id": "ae826ca7-86ba-485c-b1f1-0f53d9f5fc51"
                }
            ],
            "graphid": "9ffb6fcc-b4b4-11ea-84f7-3af9d3b32b71",
            "iconclass": "fa fa-user",
            "is_editable": true,
            "isresource": true,
            "jsonldcontext": "https://linked.art/ns/v1/linked-art.json",
            "name": {
                "en": "Person"
            },
            "nodegroups": [
                {
                    "cardinality": "n",
                    "legacygroupid": null,
                    "nodegroupid": "4952a70a-bb15-11ea-85a6-3af9d3b32b71",
                    "parentnodegroup_id": null
                },
                {
                    "cardinality": "n",
                    "legacygroupid": null,
                    "nodegroupid": "5782c422-bb15-11ea-85a6-3af9d3b32b71",
                    "parentnodegroup_id": null
                },
                {
                    "cardinality": "n",
                    "legacygroupid": null,
                    "nodegroupid": "615fc260-bb15-11ea-85a6-3af9d3b32b71",
                    "parentnodegroup_id": "615fc53a-bb15-11ea-85a6-3af9d3b32b71"
                },
                {
                    "cardinality": "n",
                    "legacygroupid": null,
                    "nodegroupid": "615fc53a-bb15-11ea-85a6-3af9d3b32b71",
                    "parentnodegroup_id": null
                },
                {
                    "cardinality": "1",
                    "legacygroupid": null,
                    "nodegroupid": "ee3acd86-216c-11ee-a966-bfab10c4cd7b",
                    "parentnodegroup_id": null
                }
            ],
            "nodes": [
                {
                    "alias": "type_metatype",
                    "config": {
                        "graphs": [
                            {
                                "graphid": "aac34849-19a2-11ee-8f04-cd21e680a247",
                                "name": "Concept "
                            }
                        ],
                        "searchDsl": "",
                        "searchString": ""
                    },
                    "datatype": "resource-instance-list",
                    "description": null,
                    "exportable": false,
                    "fieldname": null,
                    "graph_id": "9ffb6fcc-b4b4-11ea-84f7-3af9d3b32b71",
                    "hascustomalias": false,
                    "is_collector": false,
                    "isrequired": false,
                    "issearchable": true,
                    "istopnode": false,
                    "name": "type_metatype",
                    "nodegroup_id": "ee3acd86-216c-11ee-a966-bfab10c4cd7b",
                    "nodeid": "05fdb064-216d-11ee-a966-bfab10c4cd7b",
                    "ontologyclass": "http://www.cidoc-crm.org/cidoc-crm/E55_Type",
                    "parentproperty": "http://www.cidoc-crm.org/cidoc-crm/P2_has_type",
                    "sortorder": 0,
                    "sourcebranchpublication_id": null
                },
                {
                    "alias": "identifier_type",
                    "config": {
                        "graphs": [
                            {
                                "graphid": "aac34849-19a2-11ee-8f04-cd21e680a247",
                                "name": "Concept "
                            }
                        ],
                        "searchDsl": "",
                        "searchString": ""
                    },
                    "datatype": "resource-instance-list",
                    "description": null,
                    "exportable": false,
                    "fieldname": null,
                    "graph_id": "9ffb6fcc-b4b4-11ea-84f7-3af9d3b32b71",
                    "hascustomalias": false,
                    "is_collector": false,
                    "isrequired": false,
                    "issearchable": true,
                    "istopnode": false,
                    "name": "identifier_type",
                    "nodegroup_id": "5782c422-bb15-11ea-85a6-3af9d3b32b71",
                    "nodeid": "18b182e4-216d-11ee-a966-bfab10c4cd7b",
                    "ontologyclass": "http://www.cidoc-crm.org/cidoc-crm/E55_Type",
                    "parentproperty": "http://www.cidoc-crm.org/cidoc-crm/P2_has_type",
                    "sortorder": 0,
                    "sourcebranchpublication_id": null
                },
                {
                    "alias": "statement_type",
                    "config": {
                        "graphs": [
                            {
                                "graphid": "aac34849-19a2-11ee-8f04-cd21e680a247",
                                "name": "Concept "
                            }
                        ],
                        "searchDsl": "",
                        "searchString": ""
                    },
                    "datatype": "resource-instance-list",
                    "description": null,
                    "exportable": false,
                    "fieldname": null,
                    "graph_id": "9ffb6fcc-b4b4-11ea-84f7-3af9d3b32b71",
                    "hascustomalias": false,
                    "is_collector": false,
                    "isrequired": false,
                    "issearchable": true,
                    "istopnode": false,
                    "name": "statement_type",
                    "nodegroup_id": "615fc53a-bb15-11ea-85a6-3af9d3b32b71",
                    "nodeid": "287e784e-216d-11ee-a966-bfab10c4cd7b",
                    "ontologyclass": "http://www.cidoc-crm.org/cidoc-crm/E55_Type",
                    "parentproperty": "http://www.cidoc-crm.org/cidoc-crm/P2_has_type",
                    "sortorder": 0,
                    "sourcebranchpublication_id": null
                },
                {
                    "alias": "name",
                    "config": {},
                    "datatype": "semantic",
                    "description": "* Collection_id: LAP.1_Name\n* Field_id: \n* Category_id: CAT.1_Names_and_Classifications",
                    "exportable": false,
                    "fieldname": null,
                    "graph_id": "9ffb6fcc-b4b4-11ea-84f7-3af9d3b32b71",
                    "hascustomalias": false,
                    "is_collector": true,
                    "isrequired": false,
                    "issearchable": true,
                    "istopnode": false,
                    "name": "name",
                    "nodegroup_id": "4952a70a-bb15-11ea-85a6-3af9d3b32b71",
                    "nodeid": "4952a70a-bb15-11ea-85a6-3af9d3b32b71",
                    "ontologyclass": "http://www.cidoc-crm.org/cidoc-crm/E33_E41_Linguistic_Appellation",
                    "parentproperty": "http://www.cidoc-crm.org/cidoc-crm/P1_is_identified_by",
                    "sortorder": 0,
                    "sourcebranchpublication_id": null
                },
                {
                    "alias": "name_content",
                    "config": {},
                    "datatype": "string",
                    "description": "* Collection_id: LAP.1_Name\n* Field_id: LAF.6_name_content\n* Category_id: CAT.1_Names_and_Classifications",
                    "exportable": true,
                    "fieldname": null,
                    "graph_id": "9ffb6fcc-b4b4-11ea-84f7-3af9d3b32b71",
                    "hascustomalias": false,
                    "is_collector": false,
                    "isrequired": false,
                    "issearchable": true,
                    "istopnode": false,
                    "name": "name_content",
                    "nodegroup_id": "4952a70a-bb15-11ea-85a6-3af9d3b32b71",
                    "nodeid": "4952a9ee-bb15-11ea-85a6-3af9d3b32b71",
                    "ontologyclass": "http://www.w3.org/2001/XMLSchema#string",
                    "parentproperty": "http://www.cidoc-crm.org/cidoc-crm/P190_has_symbolic_content",
                    "sortorder": 0,
                    "sourcebranchpublication_id": null
                },
                {
                    "alias": "name_label",
                    "config": {},
                    "datatype": "string",
                    "description": "* Collection_id: LAP.1_Name\n* Field_id: LAF.4_name_label\n* Category_id: CAT.1_Names_and_Classifications\n\n",
                    "exportable": false,
                    "fieldname": null,
                    "graph_id": "9ffb6fcc-b4b4-11ea-84f7-3af9d3b32b71",
                    "hascustomalias": false,
                    "is_collector": false,
                    "isrequired": false,
                    "issearchable": false,
                    "istopnode": false,
                    "name": "name_label",
                    "nodegroup_id": "4952a70a-bb15-11ea-85a6-3af9d3b32b71",
                    "nodeid": "4952ab56-bb15-11ea-85a6-3af9d3b32b71",
                    "ontologyclass": "http://www.w3.org/2001/XMLSchema#string",
                    "parentproperty": "http://www.w3.org/2000/01/rdf-schema#label",
                    "sortorder": 0,
                    "sourcebranchpublication_id": null
                },
                {
                    "alias": "identifier",
                    "config": {},
                    "datatype": "semantic",
                    "description": "* Collection_id: \n* Field_id: \n* Category_id: CAT.1_Names_and_Classifications",
                    "exportable": false,
                    "fieldname": null,
                    "graph_id": "9ffb6fcc-b4b4-11ea-84f7-3af9d3b32b71",
                    "hascustomalias": false,
                    "is_collector": true,
                    "isrequired": false,
                    "issearchable": true,
                    "istopnode": false,
                    "name": "identifier",
                    "nodegroup_id": "5782c422-bb15-11ea-85a6-3af9d3b32b71",
                    "nodeid": "5782c422-bb15-11ea-85a6-3af9d3b32b71",
                    "ontologyclass": "http://www.cidoc-crm.org/cidoc-crm/E42_Identifier",
                    "parentproperty": "http://www.cidoc-crm.org/cidoc-crm/P1_is_identified_by",
                    "sortorder": 0,
                    "sourcebranchpublication_id": null
                },
                {
                    "alias": "identifier_label",
                    "config": {},
                    "datatype": "string",
                    "description": "* Collection_id: LAP.2_Identifier\n* Field_id: LAF.8_identifier_label\n* Category_id: CAT.1_Names_and_Classifications",
                    "exportable": false,
                    "fieldname": null,
                    "graph_id": "9ffb6fcc-b4b4-11ea-84f7-3af9d3b32b71",
                    "hascustomalias": false,
                    "is_collector": false,
                    "isrequired": false,
                    "issearchable": false,
                    "istopnode": false,
                    "name": "identifier_label",
                    "nodegroup_id": "5782c422-bb15-11ea-85a6-3af9d3b32b71",
                    "nodeid": "5782c742-bb15-11ea-85a6-3af9d3b32b71",
                    "ontologyclass": "http://www.w3.org/2001/XMLSchema#string",
                    "parentproperty": "http://www.w3.org/2000/01/rdf-schema#label",
                    "sortorder": 0,
                    "sourcebranchpublication_id": null
                },
                {
                    "alias": "identifier_content",
                    "config": {},
                    "datatype": "string",
                    "description": "* Collection_id: LAP.2_Identifier\n* Field_id: LAF.10_identifier_content\n* Category_id: CAT.1_Names_and_Classifications",
                    "exportable": false,
                    "fieldname": null,
                    "graph_id": "9ffb6fcc-b4b4-11ea-84f7-3af9d3b32b71",
                    "hascustomalias": false,
                    "is_collector": false,
                    "isrequired": true,
                    "issearchable": true,
                    "istopnode": false,
                    "name": "identifier_content",
                    "nodegroup_id": "5782c422-bb15-11ea-85a6-3af9d3b32b71",
                    "nodeid": "5782c8dc-bb15-11ea-85a6-3af9d3b32b71",
                    "ontologyclass": "http://www.w3.org/2001/XMLSchema#string",
                    "parentproperty": "http://www.cidoc-crm.org/cidoc-crm/P190_has_symbolic_content",
                    "sortorder": 0,
                    "sourcebranchpublication_id": null
                },
                {
                    "alias": "statement_name",
                    "config": {},
                    "datatype": "semantic",
                    "description": "* Collection_id: LAP.4_Statement\n* Field_id: LAF.50_name_statement\n* Category_id: CAT.4_Description",
                    "exportable": false,
                    "fieldname": null,
                    "graph_id": "9ffb6fcc-b4b4-11ea-84f7-3af9d3b32b71",
                    "hascustomalias": false,
                    "is_collector": true,
                    "isrequired": false,
                    "issearchable": true,
                    "istopnode": false,
                    "name": "statement_name",
                    "nodegroup_id": "615fc260-bb15-11ea-85a6-3af9d3b32b71",
                    "nodeid": "615fc260-bb15-11ea-85a6-3af9d3b32b71",
                    "ontologyclass": "http://www.cidoc-crm.org/cidoc-crm/E33_E41_Linguistic_Appellation",
                    "parentproperty": "http://www.cidoc-crm.org/cidoc-crm/P1_is_identified_by",
                    "sortorder": 0,
                    "sourcebranchpublication_id": null
                },
                {
                    "alias": "statement",
                    "config": {},
                    "datatype": "semantic",
                    "description": "* Collection_id: \n* Field_id: \n* Category_id: CAT.4_Description",
                    "exportable": false,
                    "fieldname": null,
                    "graph_id": "9ffb6fcc-b4b4-11ea-84f7-3af9d3b32b71",
                    "hascustomalias": false,
                    "is_collector": true,
                    "isrequired": false,
                    "issearchable": true,
                    "istopnode": false,
                    "name": "statement",
                    "nodegroup_id": "615fc53a-bb15-11ea-85a6-3af9d3b32b71",
                    "nodeid": "615fc53a-bb15-11ea-85a6-3af9d3b32b71",
                    "ontologyclass": "http://www.cidoc-crm.org/cidoc-crm/E33_Linguistic_Object",
                    "parentproperty": "http://www.cidoc-crm.org/cidoc-crm/P67i_is_referred_to_by",
                    "sortorder": 0,
                    "sourcebranchpublication_id": null
                },
                {
                    "alias": "statement_content",
                    "config": {},
                    "datatype": "string",
                    "description": "* Collection_id: LAP.4_Statement\n* Field_id: LAF.15_statement_content\n* Category_id: CAT.4_Description",
                    "exportable": false,
                    "fieldname": null,
                    "graph_id": "9ffb6fcc-b4b4-11ea-84f7-3af9d3b32b71",
                    "hascustomalias": false,
                    "is_collector": false,
                    "isrequired": true,
                    "issearchable": true,
                    "istopnode": false,
                    "name": "statement_content",
                    "nodegroup_id": "615fc53a-bb15-11ea-85a6-3af9d3b32b71",
                    "nodeid": "615fc738-bb15-11ea-85a6-3af9d3b32b71",
                    "ontologyclass": "http://www.w3.org/2001/XMLSchema#string",
                    "parentproperty": "http://www.cidoc-crm.org/cidoc-crm/P190_has_symbolic_content",
                    "sortorder": 0,
                    "sourcebranchpublication_id": null
                },
                {
                    "alias": "statement_name_content",
                    "config": {},
                    "datatype": "string",
                    "description": "* Collection_id: LAP.1_Name\n* Field_id: LAF.50_LAF.5_name_content\n* Category_id: CAT.4_Description",
                    "exportable": false,
                    "fieldname": null,
                    "graph_id": "9ffb6fcc-b4b4-11ea-84f7-3af9d3b32b71",
                    "hascustomalias": false,
                    "is_collector": false,
                    "isrequired": false,
                    "issearchable": false,
                    "istopnode": false,
                    "name": "statement_name_content",
                    "nodegroup_id": "615fc260-bb15-11ea-85a6-3af9d3b32b71",
                    "nodeid": "615fc882-bb15-11ea-85a6-3af9d3b32b71",
                    "ontologyclass": "http://www.w3.org/2001/XMLSchema#string",
                    "parentproperty": "http://www.cidoc-crm.org/cidoc-crm/P190_has_symbolic_content",
                    "sortorder": 0,
                    "sourcebranchpublication_id": null
                },
                {
                    "alias": "statement_name_label",
                    "config": {},
                    "datatype": "string",
                    "description": "* Collection_id: LAP.1_Name\n* Field_id: LAF.50_LAF.4_name_label\n* Category_id: CAT.4_Description",
                    "exportable": false,
                    "fieldname": null,
                    "graph_id": "9ffb6fcc-b4b4-11ea-84f7-3af9d3b32b71",
                    "hascustomalias": false,
                    "is_collector": false,
                    "isrequired": false,
                    "issearchable": false,
                    "istopnode": false,
                    "name": "statement_name_label",
                    "nodegroup_id": "615fc260-bb15-11ea-85a6-3af9d3b32b71",
                    "nodeid": "615fca26-bb15-11ea-85a6-3af9d3b32b71",
                    "ontologyclass": "http://www.w3.org/2001/XMLSchema#string",
                    "parentproperty": "http://www.w3.org/2000/01/rdf-schema#label",
                    "sortorder": 0,
                    "sourcebranchpublication_id": null
                },
                {
                    "alias": "statement_label",
                    "config": {},
                    "datatype": "string",
                    "description": "* Collection_id: LAP.4_Statement\n* Field_id: LAF.13_statement_label\n* Category_id: CAT.4_Description",
                    "exportable": false,
                    "fieldname": null,
                    "graph_id": "9ffb6fcc-b4b4-11ea-84f7-3af9d3b32b71",
                    "hascustomalias": false,
                    "is_collector": false,
                    "isrequired": false,
                    "issearchable": false,
                    "istopnode": false,
                    "name": "statement_label",
                    "nodegroup_id": "615fc53a-bb15-11ea-85a6-3af9d3b32b71",
                    "nodeid": "615fcab2-bb15-11ea-85a6-3af9d3b32b71",
                    "ontologyclass": "http://www.w3.org/2001/XMLSchema#string",
                    "parentproperty": "http://www.w3.org/2000/01/rdf-schema#label",
                    "sortorder": 0,
                    "sourcebranchpublication_id": null
                },
                {
                    "alias": "name_language",
                    "config": {
                        "graphs": [
                            {
                                "graphid": "aac34849-19a2-11ee-8f04-cd21e680a247",
                                "name": "Concept "
                            }
                        ],
                        "searchDsl": "",
                        "searchString": ""
                    },
                    "datatype": "resource-instance-list",
                    "description": null,
                    "exportable": false,
                    "fieldname": null,
                    "graph_id": "9ffb6fcc-b4b4-11ea-84f7-3af9d3b32b71",
                    "hascustomalias": false,
                    "is_collector": false,
                    "isrequired": false,
                    "issearchable": true,
                    "istopnode": false,
                    "name": "name_language",
                    "nodegroup_id": "4952a70a-bb15-11ea-85a6-3af9d3b32b71",
                    "nodeid": "6a949a4e-2170-11ee-a966-bfab10c4cd7b",
                    "ontologyclass": "http://www.cidoc-crm.org/cidoc-crm/E56_Language",
                    "parentproperty": "http://www.cidoc-crm.org/cidoc-crm/P72_has_language",
                    "sortorder": 0,
                    "sourcebranchpublication_id": null
                },
                {
                    "alias": "name_type",
                    "config": {},
                    "datatype": "semantic",
                    "description": null,
                    "exportable": false,
                    "fieldname": null,
                    "graph_id": "9ffb6fcc-b4b4-11ea-84f7-3af9d3b32b71",
                    "hascustomalias": false,
                    "is_collector": false,
                    "isrequired": false,
                    "issearchable": true,
                    "istopnode": false,
                    "name": "name_type",
                    "nodegroup_id": "4952a70a-bb15-11ea-85a6-3af9d3b32b71",
                    "nodeid": "7aaa9622-2170-11ee-a966-bfab10c4cd7b",
                    "ontologyclass": "http://www.cidoc-crm.org/cidoc-crm/E55_Type",
                    "parentproperty": "http://www.cidoc-crm.org/cidoc-crm/P2_has_type",
                    "sortorder": 0,
                    "sourcebranchpublication_id": null
                },
                {
                    "alias": "statement_type_metatype",
                    "config": {
                        "graphs": [
                            {
                                "graphid": "aac34849-19a2-11ee-8f04-cd21e680a247",
                                "name": "Concept "
                            }
                        ],
                        "searchDsl": "",
                        "searchString": ""
                    },
                    "datatype": "resource-instance-list",
                    "description": null,
                    "exportable": false,
                    "fieldname": null,
                    "graph_id": "9ffb6fcc-b4b4-11ea-84f7-3af9d3b32b71",
                    "hascustomalias": false,
                    "is_collector": false,
                    "isrequired": false,
                    "issearchable": true,
                    "istopnode": false,
                    "name": "statement_type_metatype",
                    "nodegroup_id": "615fc53a-bb15-11ea-85a6-3af9d3b32b71",
                    "nodeid": "83e80dbc-216d-11ee-a966-bfab10c4cd7b",
                    "ontologyclass": "http://www.cidoc-crm.org/cidoc-crm/E55_Type",
                    "parentproperty": "http://www.cidoc-crm.org/cidoc-crm/P2_has_type",
                    "sortorder": 0,
                    "sourcebranchpublication_id": null
                },
                {
                    "alias": "person",
                    "config": {},
                    "datatype": "semantic",
                    "description": "# Specific:\n\n\n# General:\n\n\n# Arches Note:\n\n\n* BranchId: \n* FieldId: \n",
                    "exportable": false,
                    "fieldname": null,
                    "graph_id": "9ffb6fcc-b4b4-11ea-84f7-3af9d3b32b71",
                    "hascustomalias": false,
                    "is_collector": false,
                    "isrequired": false,
                    "issearchable": true,
                    "istopnode": true,
                    "name": "Person",
                    "nodegroup_id": null,
                    "nodeid": "9ffb6da6-b4b4-11ea-84f7-3af9d3b32b71",
                    "ontologyclass": "http://www.cidoc-crm.org/cidoc-crm/E21_Person",
                    "parentproperty": "",
                    "sortorder": 0,
                    "sourcebranchpublication_id": null
                },
                {
                    "alias": "statement_name_language",
                    "config": {
                        "graphs": [
                            {
                                "graphid": "aac34849-19a2-11ee-8f04-cd21e680a247",
                                "name": "Concept "
                            }
                        ],
                        "searchDsl": "",
                        "searchString": ""
                    },
                    "datatype": "resource-instance-list",
                    "description": null,
                    "exportable": false,
                    "fieldname": null,
                    "graph_id": "9ffb6fcc-b4b4-11ea-84f7-3af9d3b32b71",
                    "hascustomalias": false,
                    "is_collector": false,
                    "isrequired": false,
                    "issearchable": true,
                    "istopnode": false,
                    "name": "statement_name_language",
                    "nodegroup_id": "615fc260-bb15-11ea-85a6-3af9d3b32b71",
                    "nodeid": "a35e9198-216d-11ee-a966-bfab10c4cd7b",
                    "ontologyclass": "http://www.cidoc-crm.org/cidoc-crm/E56_Language",
                    "parentproperty": "http://www.cidoc-crm.org/cidoc-crm/P72_has_language",
                    "sortorder": 0,
                    "sourcebranchpublication_id": null
                },
                {
                    "alias": "statement_name_type",
                    "config": {
                        "graphs": [
                            {
                                "graphid": "aac34849-19a2-11ee-8f04-cd21e680a247",
                                "name": "Concept "
                            }
                        ],
                        "searchDsl": "",
                        "searchString": ""
                    },
                    "datatype": "resource-instance-list",
                    "description": null,
                    "exportable": false,
                    "fieldname": null,
                    "graph_id": "9ffb6fcc-b4b4-11ea-84f7-3af9d3b32b71",
                    "hascustomalias": false,
                    "is_collector": false,
                    "isrequired": false,
                    "issearchable": true,
                    "istopnode": false,
                    "name": "statement_name_type",
                    "nodegroup_id": "615fc260-bb15-11ea-85a6-3af9d3b32b71",
                    "nodeid": "ae5246e4-216d-11ee-a966-bfab10c4cd7b",
                    "ontologyclass": "http://www.cidoc-crm.org/cidoc-crm/E55_Type",
                    "parentproperty": "http://www.cidoc-crm.org/cidoc-crm/P2_has_type",
                    "sortorder": 0,
                    "sourcebranchpublication_id": null
                },
                {
                    "alias": "statement_language",
                    "config": {
                        "graphs": [
                            {
                                "graphid": "aac34849-19a2-11ee-8f04-cd21e680a247",
                                "name": "Concept "
                            }
                        ],
                        "searchDsl": "",
                        "searchString": ""
                    },
                    "datatype": "resource-instance-list",
                    "description": null,
                    "exportable": false,
                    "fieldname": null,
                    "graph_id": "9ffb6fcc-b4b4-11ea-84f7-3af9d3b32b71",
                    "hascustomalias": false,
                    "is_collector": false,
                    "isrequired": false,
                    "issearchable": true,
                    "istopnode": false,
                    "name": "statement_language",
                    "nodegroup_id": "615fc53a-bb15-11ea-85a6-3af9d3b32b71",
                    "nodeid": "ba18ea96-216d-11ee-a966-bfab10c4cd7b",
                    "ontologyclass": "http://www.cidoc-crm.org/cidoc-crm/E56_Language",
                    "parentproperty": "http://www.cidoc-crm.org/cidoc-crm/P72_has_language",
                    "sortorder": 0,
                    "sourcebranchpublication_id": null
                },
                {
                    "alias": "type",
                    "config": {
                        "graphs": [
                            {
                                "graphid": "aac34849-19a2-11ee-8f04-cd21e680a247",
                                "name": "Concept "
                            }
                        ],
                        "searchDsl": "",
                        "searchString": ""
                    },
                    "datatype": "resource-instance-list",
                    "description": null,
                    "exportable": false,
                    "fieldname": null,
                    "graph_id": "9ffb6fcc-b4b4-11ea-84f7-3af9d3b32b71",
                    "hascustomalias": false,
                    "is_collector": true,
                    "isrequired": false,
                    "issearchable": true,
                    "istopnode": false,
                    "name": "type",
                    "nodegroup_id": "ee3acd86-216c-11ee-a966-bfab10c4cd7b",
                    "nodeid": "ee3acd86-216c-11ee-a966-bfab10c4cd7b",
                    "ontologyclass": "http://www.cidoc-crm.org/cidoc-crm/E55_Type",
                    "parentproperty": "http://www.cidoc-crm.org/cidoc-crm/P2_has_type",
                    "sortorder": 0,
                    "sourcebranchpublication_id": null
                }
            ],
            "ontology_id": "0b1f5462-faa7-11e9-8f09-3af9d3b32b71",
            "publication": {
                "graph_id": "9ffb6fcc-b4b4-11ea-84f7-3af9d3b32b71",
                "notes": null,
                "publicationid": "099a70ec-24bd-11ee-bf11-acde48001122",
                "published_time": "2023-07-17T11:14:42.359"
            },
            "relatable_resource_model_ids": [],
            "resource_2_resource_constraints": [],
            "root": {
                "alias": "person",
                "config": {},
                "datatype": "semantic",
                "description": "# Specific:\n\n\n# General:\n\n\n# Arches Note:\n\n\n* BranchId: \n* FieldId: \n",
                "exportable": false,
                "fieldname": null,
                "graph_id": "9ffb6fcc-b4b4-11ea-84f7-3af9d3b32b71",
                "hascustomalias": false,
                "is_collector": false,
                "isrequired": false,
                "issearchable": true,
                "istopnode": true,
                "name": "Person",
                "nodegroup_id": null,
                "nodeid": "9ffb6da6-b4b4-11ea-84f7-3af9d3b32b71",
                "ontologyclass": "http://www.cidoc-crm.org/cidoc-crm/E21_Person",
                "sortorder": 0,
                "sourcebranchpublication_id": null
            },
            "slug": "person",
            "subtitle": {
                "en": "An individual, named human person"
            },
            "template_id": "50000000-0000-0000-0000-000000000001",
            "version": ""
        }
    ]
}