{
    "graph": [
        {
            "author": " ",
            "cards": [
                {
                    "active": true,
                    "cardid": "190b669f-1a65-11ee-8f04-cd21e680a247",
                    "component_id": "f05e4d3a-53c1-11e8-b0ea-784f435179ea",
                    "config": null,
                    "constraints": [],
                    "cssclass": "bigger",
                    "description": {
                        "en": "* Collection_id: LAP.1_Name\n* Field_id:\n* Category_id: CAT.1_Names_and_Classifications"
                    },
                    "graph_id": "06903e8f-1a65-11ee-8f04-cd21e680a247",
                    "helpenabled": false,
                    "helptext": {
                        "en": null
                    },
                    "helptitle": {
                        "en": null
                    },
                    "instructions": {
                        "en": null
                    },
                    "is_editable": true,
                    "name": {
                        "en": "Name"
                    },
                    "nodegroup_id": "190b669d-1a65-11ee-8f04-cd21e680a247",
                    "sortorder": 0,
                    "visible": true
                },
                {
                    "active": true,
                    "cardid": "1a590efd-1a65-11ee-8f04-cd21e680a247",
                    "component_id": "f05e4d3a-53c1-11e8-b0ea-784f435179ea",
                    "config": null,
                    "constraints": [],
                    "cssclass": "big",
                    "description": {
                        "en": "* Collection_id: \n* Field_id: \n* Category_id: CAT.1_Names_and_Classifications"
                    },
                    "graph_id": "06903e8f-1a65-11ee-8f04-cd21e680a247",
                    "helpenabled": false,
                    "helptext": {
                        "en": null
                    },
                    "helptitle": {
                        "en": null
                    },
                    "instructions": {
                        "en": null
                    },
                    "is_editable": true,
                    "name": {
                        "en": "Identifier"
                    },
                    "nodegroup_id": "1a590efb-1a65-11ee-8f04-cd21e680a247",
                    "sortorder": 2,
                    "visible": true
                },
                {
                    "active": true,
                    "cardid": "1c29f567-1a65-11ee-8f04-cd21e680a247",
                    "component_id": "f05e4d3a-53c1-11e8-b0ea-784f435179ea",
                    "config": null,
                    "constraints": [],
                    "cssclass": null,
                    "description": {
                        "en": "It is strongly recommended that every resource that should be rendered to an end user have at least one name.\nDifferent types of name can be distinguished using classifications.\nSee: https://linked.art/model/base/#names\n\nArches note: This node's content should be the value for the title descriptor function, when used for a resource model."
                    },
                    "graph_id": "06903e8f-1a65-11ee-8f04-cd21e680a247",
                    "helpenabled": false,
                    "helptext": {
                        "en": null
                    },
                    "helptitle": {
                        "en": null
                    },
                    "instructions": {
                        "en": null
                    },
                    "is_editable": true,
                    "name": {
                        "en": "Statement Name"
                    },
                    "nodegroup_id": "1c29f565-1a65-11ee-8f04-cd21e680a247",
                    "sortorder": 1,
                    "visible": true
                },
                {
                    "active": true,
                    "cardid": "1c29f56a-1a65-11ee-8f04-cd21e680a247",
                    "component_id": "f05e4d3a-53c1-11e8-b0ea-784f435179ea",
                    "config": null,
                    "constraints": [],
                    "cssclass": "big",
                    "description": {
                        "en": "* Collection_id: \n* Field_id: \n* Category_id: CAT.4_Description"
                    },
                    "graph_id": "06903e8f-1a65-11ee-8f04-cd21e680a247",
                    "helpenabled": false,
                    "helptext": {
                        "en": null
                    },
                    "helptitle": {
                        "en": null
                    },
                    "instructions": {
                        "en": null
                    },
                    "is_editable": true,
                    "name": {
                        "en": "Statement"
                    },
                    "nodegroup_id": "1c29f568-1a65-11ee-8f04-cd21e680a247",
                    "sortorder": 3,
                    "visible": true
                },
                {
                    "active": true,
                    "cardid": "4136fc2c-2169-11ee-a966-bfab10c4cd7b",
                    "component_id": "f05e4d3a-53c1-11e8-b0ea-784f435179ea",
                    "config": null,
                    "constraints": [],
                    "cssclass": null,
                    "description": null,
                    "graph_id": "06903e8f-1a65-11ee-8f04-cd21e680a247",
                    "helpenabled": false,
                    "helptext": {
                        "en": null
                    },
                    "helptitle": {
                        "en": null
                    },
                    "instructions": {
                        "en": null
                    },
                    "is_editable": true,
                    "name": {
                        "en": "Type"
                    },
                    "nodegroup_id": "4136fc2a-2169-11ee-a966-bfab10c4cd7b",
                    "sortorder": 1,
                    "visible": true
                }
            ],
            "cards_x_nodes_x_widgets": [
                {
                    "card_id": "190b669f-1a65-11ee-8f04-cd21e680a247",
                    "config": {
                        "defaultValue": {
                            "en": {
                                "direction": "ltr",
                                "value": null
                            }
                        },
                        "i18n_properties": [
                            "placeholder"
                        ],
                        "label": "Name",
                        "maxLength": null,
                        "placeholder": {
                            "en": "Enter text"
                        },
                        "uneditable": false,
                        "width": "100%"
                    },
                    "id": "190b66a4-1a65-11ee-8f04-cd21e680a247",
                    "label": {
                        "en": "Name"
                    },
                    "node_id": "190b66a2-1a65-11ee-8f04-cd21e680a247",
                    "sortorder": 0,
                    "visible": true,
                    "widget_id": "10000000-0000-0000-0000-000000000001"
                },
                {
                    "card_id": "190b669f-1a65-11ee-8f04-cd21e680a247",
                    "config": {
                        "defaultValue": {
                            "en": {
                                "direction": "ltr",
                                "value": null
                            }
                        },
                        "i18n_properties": [
                            "placeholder"
                        ],
                        "label": "Name Label",
                        "maxLength": null,
                        "placeholder": {
                            "en": "Enter text"
                        },
                        "uneditable": false,
                        "width": "100%"
                    },
                    "id": "190b66a6-1a65-11ee-8f04-cd21e680a247",
                    "label": {
                        "en": "Name Label"
                    },
                    "node_id": "190b66a0-1a65-11ee-8f04-cd21e680a247",
                    "sortorder": 3,
                    "visible": false,
                    "widget_id": "10000000-0000-0000-0000-000000000001"
                },
                {
                    "card_id": "1a590efd-1a65-11ee-8f04-cd21e680a247",
                    "config": {
                        "defaultValue": {
                            "en": {
                                "direction": "ltr",
                                "value": ""
                            }
                        },
                        "i18n_properties": [
                            "placeholder"
                        ],
                        "label": "Identifier",
                        "maxLength": null,
                        "placeholder": {
                            "en": "Enter text"
                        },
                        "uneditable": false,
                        "width": "100%"
                    },
                    "id": "1a590f01-1a65-11ee-8f04-cd21e680a247",
                    "label": {
                        "en": "Identifier"
                    },
                    "node_id": "1a590eff-1a65-11ee-8f04-cd21e680a247",
                    "sortorder": 0,
                    "visible": true,
                    "widget_id": "10000000-0000-0000-0000-000000000001"
                },
                {
                    "card_id": "1a590efd-1a65-11ee-8f04-cd21e680a247",
                    "config": {
                        "defaultValue": {
                            "en": {
                                "direction": "ltr",
                                "value": null
                            }
                        },
                        "i18n_properties": [
                            "placeholder"
                        ],
                        "label": "Identifier Label",
                        "maxLength": null,
                        "placeholder": {
                            "en": "Enter text"
                        },
                        "uneditable": false,
                        "width": "100%"
                    },
                    "id": "1a590f03-1a65-11ee-8f04-cd21e680a247",
                    "label": {
                        "en": "Identifier Label"
                    },
                    "node_id": "1a590efe-1a65-11ee-8f04-cd21e680a247",
                    "sortorder": 2,
                    "visible": false,
                    "widget_id": "10000000-0000-0000-0000-000000000001"
                },
                {
                    "card_id": "190b669f-1a65-11ee-8f04-cd21e680a247",
                    "config": {
                        "defaultResourceInstance": [],
                        "i18n_properties": [
                            "placeholder"
                        ],
                        "label": "Name Type",
                        "placeholder": {
                            "en": ""
                        }
                    },
                    "id": "1beb712e-2172-11ee-a966-bfab10c4cd7b",
                    "label": {
                        "en": "Name Type"
                    },
                    "node_id": "584913ee-2169-11ee-a966-bfab10c4cd7b",
                    "sortorder": null,
                    "visible": true,
                    "widget_id": "ff3c400a-76ec-11e7-a793-784f435179ea"
                },
                {
                    "card_id": "190b669f-1a65-11ee-8f04-cd21e680a247",
                    "config": {
                        "defaultResourceInstance": [],
                        "i18n_properties": [
                            "placeholder"
                        ],
                        "label": "Name Language",
                        "placeholder": {
                            "en": ""
                        }
                    },
                    "id": "1beb7130-2172-11ee-a966-bfab10c4cd7b",
                    "label": {
                        "en": "Name Language"
                    },
                    "node_id": "62f62f20-2169-11ee-a966-bfab10c4cd7b",
                    "sortorder": null,
                    "visible": true,
                    "widget_id": "ff3c400a-76ec-11e7-a793-784f435179ea"
                },
                {
                    "card_id": "1c29f567-1a65-11ee-8f04-cd21e680a247",
                    "config": {
                        "defaultValue": {
                            "en": {
                                "direction": "ltr",
                                "value": null
                            }
                        },
                        "i18n_properties": [
                            "placeholder"
                        ],
                        "label": "Name",
                        "maxLength": null,
                        "placeholder": {
                            "en": "Enter text"
                        },
                        "uneditable": false,
                        "width": "100%"
                    },
                    "id": "1c29f575-1a65-11ee-8f04-cd21e680a247",
                    "label": {
                        "en": "Name"
                    },
                    "node_id": "1c29f571-1a65-11ee-8f04-cd21e680a247",
                    "sortorder": 0,
                    "visible": true,
                    "widget_id": "10000000-0000-0000-0000-000000000001"
                },
                {
                    "card_id": "1c29f567-1a65-11ee-8f04-cd21e680a247",
                    "config": {
                        "defaultValue": {
                            "en": {
                                "direction": "ltr",
                                "value": ""
                            }
                        },
                        "i18n_properties": [
                            "placeholder"
                        ],
                        "label": "Name Label",
                        "maxLength": null,
                        "placeholder": {
                            "en": "Enter text"
                        },
                        "uneditable": false,
                        "width": "100%"
                    },
                    "id": "1c29f576-1a65-11ee-8f04-cd21e680a247",
                    "label": {
                        "en": "Name Label"
                    },
                    "node_id": "1c29f570-1a65-11ee-8f04-cd21e680a247",
                    "sortorder": 3,
                    "visible": false,
                    "widget_id": "10000000-0000-0000-0000-000000000001"
                },
                {
                    "card_id": "1c29f56a-1a65-11ee-8f04-cd21e680a247",
                    "config": {
                        "defaultValue": {
                            "en": {
                                "direction": "ltr",
                                "value": ""
                            }
                        },
                        "i18n_properties": [
                            "placeholder"
                        ],
                        "label": "Statement",
                        "maxLength": null,
                        "placeholder": {
                            "en": "Enter text"
                        },
                        "uneditable": false,
                        "width": "100%"
                    },
                    "id": "1c29f57a-1a65-11ee-8f04-cd21e680a247",
                    "label": {
                        "en": "Statement"
                    },
                    "node_id": "1c29f56c-1a65-11ee-8f04-cd21e680a247",
                    "sortorder": 0,
                    "visible": true,
                    "widget_id": "10000000-0000-0000-0000-000000000005"
                },
                {
                    "card_id": "1c29f56a-1a65-11ee-8f04-cd21e680a247",
                    "config": {
                        "defaultValue": {
                            "en": {
                                "direction": "ltr",
                                "value": null
                            }
                        },
                        "i18n_properties": [
                            "placeholder"
                        ],
                        "label": "Statement Label",
                        "maxLength": null,
                        "placeholder": {
                            "en": "Enter text"
                        },
                        "uneditable": false,
                        "width": "100%"
                    },
                    "id": "1c29f57b-1a65-11ee-8f04-cd21e680a247",
                    "label": {
                        "en": "Statement Label"
                    },
                    "node_id": "1c29f56b-1a65-11ee-8f04-cd21e680a247",
                    "sortorder": 4,
                    "visible": false,
                    "widget_id": "10000000-0000-0000-0000-000000000001"
                },
                {
                    "card_id": "4136fc2c-2169-11ee-a966-bfab10c4cd7b",
                    "config": {
                        "defaultResourceInstance": [],
                        "i18n_properties": [
                            "placeholder"
                        ],
                        "label": "Type Metatype",
                        "placeholder": {
                            "en": ""
                        }
                    },
                    "id": "2762e5be-2172-11ee-a966-bfab10c4cd7b",
                    "label": {
                        "en": "Type Metatype"
                    },
                    "node_id": "4a0da1fd-2169-11ee-a966-bfab10c4cd7b",
                    "sortorder": null,
                    "visible": true,
                    "widget_id": "ff3c400a-76ec-11e7-a793-784f435179ea"
                },
                {
                    "card_id": "1a590efd-1a65-11ee-8f04-cd21e680a247",
                    "config": {
                        "defaultResourceInstance": [],
                        "i18n_properties": [
                            "placeholder"
                        ],
                        "label": "Identifier Type",
                        "placeholder": {
                            "en": ""
                        }
                    },
                    "id": "311a1a3c-2172-11ee-a966-bfab10c4cd7b",
                    "label": {
                        "en": "Identifier Type"
                    },
                    "node_id": "6ea2f420-2169-11ee-a966-bfab10c4cd7b",
                    "sortorder": null,
                    "visible": true,
                    "widget_id": "ff3c400a-76ec-11e7-a793-784f435179ea"
                },
                {
                    "card_id": "1c29f56a-1a65-11ee-8f04-cd21e680a247",
                    "config": {
                        "defaultResourceInstance": [],
                        "i18n_properties": [
                            "placeholder"
                        ],
                        "label": "Statement Language",
                        "placeholder": {
                            "en": ""
                        }
                    },
                    "id": "38b3768a-2172-11ee-a966-bfab10c4cd7b",
                    "label": {
                        "en": "Statement Language"
                    },
                    "node_id": "00f86cd4-2169-11ee-a966-bfab10c4cd7b",
                    "sortorder": null,
                    "visible": true,
                    "widget_id": "ff3c400a-76ec-11e7-a793-784f435179ea"
                },
                {
                    "card_id": "1c29f56a-1a65-11ee-8f04-cd21e680a247",
                    "config": {
                        "defaultResourceInstance": [],
                        "i18n_properties": [
                            "placeholder"
                        ],
                        "label": "Statement Type",
                        "placeholder": {
                            "en": ""
                        }
                    },
                    "id": "38b3768c-2172-11ee-a966-bfab10c4cd7b",
                    "label": {
                        "en": "Statement Type"
                    },
                    "node_id": "11ae71c2-2169-11ee-a966-bfab10c4cd7b",
                    "sortorder": null,
                    "visible": true,
                    "widget_id": "ff3c400a-76ec-11e7-a793-784f435179ea"
                },
                {
                    "card_id": "1c29f56a-1a65-11ee-8f04-cd21e680a247",
                    "config": {
                        "defaultResourceInstance": [],
                        "i18n_properties": [
                            "placeholder"
                        ],
                        "label": "Statement Type Metatype",
                        "placeholder": {
                            "en": ""
                        }
                    },
                    "id": "38b3768e-2172-11ee-a966-bfab10c4cd7b",
                    "label": {
                        "en": "Statement Type Metatype"
                    },
                    "node_id": "1bde3524-2169-11ee-a966-bfab10c4cd7b",
                    "sortorder": null,
                    "visible": true,
                    "widget_id": "ff3c400a-76ec-11e7-a793-784f435179ea"
                },
                {
                    "card_id": "4136fc2c-2169-11ee-a966-bfab10c4cd7b",
                    "config": {
                        "defaultResourceInstance": [],
                        "i18n_properties": [
                            "placeholder"
                        ],
                        "label": "Type",
                        "placeholder": {
                            "en": ""
                        }
                    },
                    "id": "499fca43-2169-11ee-a966-bfab10c4cd7b",
                    "label": {
                        "en": "Type"
                    },
                    "node_id": "4136fc2a-2169-11ee-a966-bfab10c4cd7b",
                    "sortorder": 0,
                    "visible": true,
                    "widget_id": "ff3c400a-76ec-11e7-a793-784f435179ea"
                },
                {
                    "card_id": "1c29f567-1a65-11ee-8f04-cd21e680a247",
                    "config": {
                        "defaultResourceInstance": [],
                        "i18n_properties": [
                            "placeholder"
                        ],
                        "label": "Name Language",
                        "placeholder": {
                            "en": ""
                        }
                    },
                    "id": "50dfd6d5-2172-11ee-a966-bfab10c4cd7b",
                    "label": {
                        "en": "Name Language"
                    },
                    "node_id": "2b84452c-2169-11ee-a966-bfab10c4cd7b",
                    "sortorder": null,
                    "visible": true,
                    "widget_id": "ff3c400a-76ec-11e7-a793-784f435179ea"
                },
                {
                    "card_id": "1c29f567-1a65-11ee-8f04-cd21e680a247",
                    "config": {
                        "defaultResourceInstance": [],
                        "i18n_properties": [
                            "placeholder"
                        ],
                        "label": "Name Type",
                        "placeholder": {
                            "en": ""
                        }
                    },
                    "id": "50dfd6d7-2172-11ee-a966-bfab10c4cd7b",
                    "label": {
                        "en": "Name Type"
                    },
                    "node_id": "34f52df6-2169-11ee-a966-bfab10c4cd7b",
                    "sortorder": null,
                    "visible": true,
                    "widget_id": "ff3c400a-76ec-11e7-a793-784f435179ea"
                }
            ],
            "color": "rgb(148,204,125)",
            "config": {},
            "deploymentdate": null,
            "deploymentfile": null,
            "description": {
                "en": ""
            },
            "edges": [
                {
                    "description": null,
                    "domainnode_id": "1c29f568-1a65-11ee-8f04-cd21e680a247",
                    "edgeid": "00f86cd5-2169-11ee-a966-bfab10c4cd7b",
                    "graph_id": "06903e8f-1a65-11ee-8f04-cd21e680a247",
                    "name": null,
                    "ontologyproperty": "http://www.cidoc-crm.org/cidoc-crm/P72_has_language",
                    "rangenode_id": "00f86cd4-2169-11ee-a966-bfab10c4cd7b"
                },
                {
                    "description": null,
                    "domainnode_id": "1c29f568-1a65-11ee-8f04-cd21e680a247",
                    "edgeid": "11ae71c3-2169-11ee-a966-bfab10c4cd7b",
                    "graph_id": "06903e8f-1a65-11ee-8f04-cd21e680a247",
                    "name": null,
                    "ontologyproperty": "http://www.cidoc-crm.org/cidoc-crm/P2_has_type",
                    "rangenode_id": "11ae71c2-2169-11ee-a966-bfab10c4cd7b"
                },
                {
                    "description": null,
                    "domainnode_id": "190b669d-1a65-11ee-8f04-cd21e680a247",
                    "edgeid": "190b66a8-1a65-11ee-8f04-cd21e680a247",
                    "graph_id": "06903e8f-1a65-11ee-8f04-cd21e680a247",
                    "name": null,
                    "ontologyproperty": "http://www.cidoc-crm.org/cidoc-crm/P190_has_symbolic_content",
                    "rangenode_id": "190b66a2-1a65-11ee-8f04-cd21e680a247"
                },
                {
                    "description": null,
                    "domainnode_id": "190b669d-1a65-11ee-8f04-cd21e680a247",
                    "edgeid": "190b66a9-1a65-11ee-8f04-cd21e680a247",
                    "graph_id": "06903e8f-1a65-11ee-8f04-cd21e680a247",
                    "name": null,
                    "ontologyproperty": "http://www.w3.org/2000/01/rdf-schema#label",
                    "rangenode_id": "190b66a0-1a65-11ee-8f04-cd21e680a247"
                },
                {
                    "description": null,
                    "domainnode_id": "06903e8e-1a65-11ee-8f04-cd21e680a247",
                    "edgeid": "190b66ac-1a65-11ee-8f04-cd21e680a247",
                    "graph_id": "06903e8f-1a65-11ee-8f04-cd21e680a247",
                    "name": null,
                    "ontologyproperty": "http://www.cidoc-crm.org/cidoc-crm/P1_is_identified_by",
                    "rangenode_id": "190b669d-1a65-11ee-8f04-cd21e680a247"
                },
                {
                    "description": null,
                    "domainnode_id": "1a590efb-1a65-11ee-8f04-cd21e680a247",
                    "edgeid": "1a590f04-1a65-11ee-8f04-cd21e680a247",
                    "graph_id": "06903e8f-1a65-11ee-8f04-cd21e680a247",
                    "name": null,
                    "ontologyproperty": "http://www.w3.org/2000/01/rdf-schema#label",
                    "rangenode_id": "1a590efe-1a65-11ee-8f04-cd21e680a247"
                },
                {
                    "description": null,
                    "domainnode_id": "1a590efb-1a65-11ee-8f04-cd21e680a247",
                    "edgeid": "1a590f05-1a65-11ee-8f04-cd21e680a247",
                    "graph_id": "06903e8f-1a65-11ee-8f04-cd21e680a247",
                    "name": null,
                    "ontologyproperty": "http://www.cidoc-crm.org/cidoc-crm/P190_has_symbolic_content",
                    "rangenode_id": "1a590eff-1a65-11ee-8f04-cd21e680a247"
                },
                {
                    "description": null,
                    "domainnode_id": "06903e8e-1a65-11ee-8f04-cd21e680a247",
                    "edgeid": "1a590f07-1a65-11ee-8f04-cd21e680a247",
                    "graph_id": "06903e8f-1a65-11ee-8f04-cd21e680a247",
                    "name": null,
                    "ontologyproperty": "http://www.cidoc-crm.org/cidoc-crm/P1_is_identified_by",
                    "rangenode_id": "1a590efb-1a65-11ee-8f04-cd21e680a247"
                },
                {
                    "description": null,
                    "domainnode_id": "11ae71c2-2169-11ee-a966-bfab10c4cd7b",
                    "edgeid": "1bde3525-2169-11ee-a966-bfab10c4cd7b",
                    "graph_id": "06903e8f-1a65-11ee-8f04-cd21e680a247",
                    "name": null,
                    "ontologyproperty": "http://www.cidoc-crm.org/cidoc-crm/P2_has_type",
                    "rangenode_id": "1bde3524-2169-11ee-a966-bfab10c4cd7b"
                },
                {
                    "description": null,
                    "domainnode_id": "1c29f565-1a65-11ee-8f04-cd21e680a247",
                    "edgeid": "1c29f57d-1a65-11ee-8f04-cd21e680a247",
                    "graph_id": "06903e8f-1a65-11ee-8f04-cd21e680a247",
                    "name": null,
                    "ontologyproperty": "http://www.cidoc-crm.org/cidoc-crm/P190_has_symbolic_content",
                    "rangenode_id": "1c29f571-1a65-11ee-8f04-cd21e680a247"
                },
                {
                    "description": null,
                    "domainnode_id": "1c29f565-1a65-11ee-8f04-cd21e680a247",
                    "edgeid": "1c29f57e-1a65-11ee-8f04-cd21e680a247",
                    "graph_id": "06903e8f-1a65-11ee-8f04-cd21e680a247",
                    "name": null,
                    "ontologyproperty": "http://www.w3.org/2000/01/rdf-schema#label",
                    "rangenode_id": "1c29f570-1a65-11ee-8f04-cd21e680a247"
                },
                {
                    "description": null,
                    "domainnode_id": "1c29f568-1a65-11ee-8f04-cd21e680a247",
                    "edgeid": "1c29f57f-1a65-11ee-8f04-cd21e680a247",
                    "graph_id": "06903e8f-1a65-11ee-8f04-cd21e680a247",
                    "name": null,
                    "ontologyproperty": "http://www.cidoc-crm.org/cidoc-crm/P1_is_identified_by",
                    "rangenode_id": "1c29f565-1a65-11ee-8f04-cd21e680a247"
                },
                {
                    "description": null,
                    "domainnode_id": "1c29f568-1a65-11ee-8f04-cd21e680a247",
                    "edgeid": "1c29f582-1a65-11ee-8f04-cd21e680a247",
                    "graph_id": "06903e8f-1a65-11ee-8f04-cd21e680a247",
                    "name": null,
                    "ontologyproperty": "http://www.cidoc-crm.org/cidoc-crm/P190_has_symbolic_content",
                    "rangenode_id": "1c29f56c-1a65-11ee-8f04-cd21e680a247"
                },
                {
                    "description": null,
                    "domainnode_id": "1c29f568-1a65-11ee-8f04-cd21e680a247",
                    "edgeid": "1c29f584-1a65-11ee-8f04-cd21e680a247",
                    "graph_id": "06903e8f-1a65-11ee-8f04-cd21e680a247",
                    "name": null,
                    "ontologyproperty": "http://www.w3.org/2000/01/rdf-schema#label",
                    "rangenode_id": "1c29f56b-1a65-11ee-8f04-cd21e680a247"
                },
                {
                    "description": null,
                    "domainnode_id": "06903e8e-1a65-11ee-8f04-cd21e680a247",
                    "edgeid": "1c29f587-1a65-11ee-8f04-cd21e680a247",
                    "graph_id": "06903e8f-1a65-11ee-8f04-cd21e680a247",
                    "name": null,
                    "ontologyproperty": "http://www.cidoc-crm.org/cidoc-crm/P67i_is_referred_to_by",
                    "rangenode_id": "1c29f568-1a65-11ee-8f04-cd21e680a247"
                },
                {
                    "description": null,
                    "domainnode_id": "1c29f565-1a65-11ee-8f04-cd21e680a247",
                    "edgeid": "2b84452d-2169-11ee-a966-bfab10c4cd7b",
                    "graph_id": "06903e8f-1a65-11ee-8f04-cd21e680a247",
                    "name": null,
                    "ontologyproperty": "http://www.cidoc-crm.org/cidoc-crm/P72_has_language",
                    "rangenode_id": "2b84452c-2169-11ee-a966-bfab10c4cd7b"
                },
                {
                    "description": null,
                    "domainnode_id": "1c29f565-1a65-11ee-8f04-cd21e680a247",
                    "edgeid": "34f52df7-2169-11ee-a966-bfab10c4cd7b",
                    "graph_id": "06903e8f-1a65-11ee-8f04-cd21e680a247",
                    "name": null,
                    "ontologyproperty": "http://www.cidoc-crm.org/cidoc-crm/P2_has_type",
                    "rangenode_id": "34f52df6-2169-11ee-a966-bfab10c4cd7b"
                },
                {
                    "description": null,
                    "domainnode_id": "06903e8e-1a65-11ee-8f04-cd21e680a247",
                    "edgeid": "4136fc2d-2169-11ee-a966-bfab10c4cd7b",
                    "graph_id": "06903e8f-1a65-11ee-8f04-cd21e680a247",
                    "name": null,
                    "ontologyproperty": "http://www.cidoc-crm.org/cidoc-crm/P2_has_type",
                    "rangenode_id": "4136fc2a-2169-11ee-a966-bfab10c4cd7b"
                },
                {
                    "description": null,
                    "domainnode_id": "4136fc2a-2169-11ee-a966-bfab10c4cd7b",
                    "edgeid": "4a0da1fe-2169-11ee-a966-bfab10c4cd7b",
                    "graph_id": "06903e8f-1a65-11ee-8f04-cd21e680a247",
                    "name": null,
                    "ontologyproperty": "http://www.cidoc-crm.org/cidoc-crm/P2_has_type",
                    "rangenode_id": "4a0da1fd-2169-11ee-a966-bfab10c4cd7b"
                },
                {
                    "description": null,
                    "domainnode_id": "190b669d-1a65-11ee-8f04-cd21e680a247",
                    "edgeid": "584913ef-2169-11ee-a966-bfab10c4cd7b",
                    "graph_id": "06903e8f-1a65-11ee-8f04-cd21e680a247",
                    "name": null,
                    "ontologyproperty": "http://www.cidoc-crm.org/cidoc-crm/P2_has_type",
                    "rangenode_id": "584913ee-2169-11ee-a966-bfab10c4cd7b"
                },
                {
                    "description": null,
                    "domainnode_id": "190b669d-1a65-11ee-8f04-cd21e680a247",
                    "edgeid": "62f62f21-2169-11ee-a966-bfab10c4cd7b",
                    "graph_id": "06903e8f-1a65-11ee-8f04-cd21e680a247",
                    "name": null,
                    "ontologyproperty": "http://www.cidoc-crm.org/cidoc-crm/P72_has_language",
                    "rangenode_id": "62f62f20-2169-11ee-a966-bfab10c4cd7b"
                },
                {
                    "description": null,
                    "domainnode_id": "1a590efb-1a65-11ee-8f04-cd21e680a247",
                    "edgeid": "6ea2f421-2169-11ee-a966-bfab10c4cd7b",
                    "graph_id": "06903e8f-1a65-11ee-8f04-cd21e680a247",
                    "name": null,
                    "ontologyproperty": "http://www.cidoc-crm.org/cidoc-crm/P2_has_type",
                    "rangenode_id": "6ea2f420-2169-11ee-a966-bfab10c4cd7b"
                }
            ],
            "functions_x_graphs": [
                {
                    "config": {
                        "descriptor_types": {
                            "description": {
                                "nodegroup_id": "1c29f568-1a65-11ee-8f04-cd21e680a247",
                                "string_template": "<statement_content>"
                            },
                            "map_popup": {
                                "nodegroup_id": "",
                                "string_template": ""
                            },
                            "name": {
                                "nodegroup_id": "190b669d-1a65-11ee-8f04-cd21e680a247",
                                "string_template": "<name_content>"
                            }
                        },
                        "triggering_nodegroups": []
                    },
                    "function_id": "60000000-0000-0000-0000-000000000001",
                    "graph_id": "06903e8f-1a65-11ee-8f04-cd21e680a247",
                    "id": "6bb0e3ed-1995-49a5-adc5-45c20d566d01"
                }
            ],
            "graphid": "06903e8f-1a65-11ee-8f04-cd21e680a247",
            "iconclass": "fa fa-map-marker",
            "is_editable": true,
            "isresource": true,
            "jsonldcontext": null,
            "name": {
                "en": "Place"
            },
            "nodegroups": [
                {
                    "cardinality": "n",
                    "legacygroupid": null,
                    "nodegroupid": "190b669d-1a65-11ee-8f04-cd21e680a247",
                    "parentnodegroup_id": null
                },
                {
                    "cardinality": "n",
                    "legacygroupid": null,
                    "nodegroupid": "1a590efb-1a65-11ee-8f04-cd21e680a247",
                    "parentnodegroup_id": null
                },
                {
                    "cardinality": "n",
                    "legacygroupid": null,
                    "nodegroupid": "1c29f565-1a65-11ee-8f04-cd21e680a247",
                    "parentnodegroup_id": "1c29f568-1a65-11ee-8f04-cd21e680a247"
                },
                {
                    "cardinality": "n",
                    "legacygroupid": null,
                    "nodegroupid": "1c29f568-1a65-11ee-8f04-cd21e680a247",
                    "parentnodegroup_id": null
                },
                {
                    "cardinality": "1",
                    "legacygroupid": null,
                    "nodegroupid": "4136fc2a-2169-11ee-a966-bfab10c4cd7b",
                    "parentnodegroup_id": null
                }
            ],
            "nodes": [
                {
                    "alias": "statement_language",
                    "config": {
                        "graphs": [
                            {
                                "graphid": "aac34849-19a2-11ee-8f04-cd21e680a247",
                                "name": "Concept "
                            }
                        ],
                        "searchDsl": "",
                        "searchString": ""
                    },
                    "datatype": "resource-instance-list",
                    "description": null,
                    "exportable": false,
                    "fieldname": null,
                    "graph_id": "06903e8f-1a65-11ee-8f04-cd21e680a247",
                    "hascustomalias": false,
                    "is_collector": false,
                    "isrequired": false,
                    "issearchable": true,
                    "istopnode": false,
                    "name": "statement_language",
                    "nodegroup_id": "1c29f568-1a65-11ee-8f04-cd21e680a247",
                    "nodeid": "00f86cd4-2169-11ee-a966-bfab10c4cd7b",
                    "ontologyclass": "http://www.cidoc-crm.org/cidoc-crm/E56_Language",
                    "parentproperty": "http://www.cidoc-crm.org/cidoc-crm/P72_has_language",
                    "sortorder": 0,
                    "sourcebranchpublication_id": null
                },
                {
                    "alias": "place",
                    "config": {},
                    "datatype": "semantic",
                    "description": "",
                    "exportable": false,
                    "fieldname": null,
                    "graph_id": "06903e8f-1a65-11ee-8f04-cd21e680a247",
                    "hascustomalias": false,
                    "is_collector": false,
                    "isrequired": false,
                    "issearchable": true,
                    "istopnode": true,
                    "name": "Place",
                    "nodegroup_id": null,
                    "nodeid": "06903e8e-1a65-11ee-8f04-cd21e680a247",
                    "ontologyclass": "http://www.cidoc-crm.org/cidoc-crm/E53_Place",
                    "parentproperty": "",
                    "sortorder": 0,
                    "sourcebranchpublication_id": null
                },
                {
                    "alias": "statement_type",
                    "config": {
                        "graphs": [
                            {
                                "graphid": "aac34849-19a2-11ee-8f04-cd21e680a247",
                                "name": "Concept "
                            }
                        ],
                        "searchDsl": "",
                        "searchString": ""
                    },
                    "datatype": "resource-instance-list",
                    "description": null,
                    "exportable": false,
                    "fieldname": null,
                    "graph_id": "06903e8f-1a65-11ee-8f04-cd21e680a247",
                    "hascustomalias": false,
                    "is_collector": false,
                    "isrequired": false,
                    "issearchable": true,
                    "istopnode": false,
                    "name": "statement_type",
                    "nodegroup_id": "1c29f568-1a65-11ee-8f04-cd21e680a247",
                    "nodeid": "11ae71c2-2169-11ee-a966-bfab10c4cd7b",
                    "ontologyclass": "http://www.cidoc-crm.org/cidoc-crm/E55_Type",
                    "parentproperty": "http://www.cidoc-crm.org/cidoc-crm/P2_has_type",
                    "sortorder": 0,
                    "sourcebranchpublication_id": null
                },
                {
                    "alias": "name",
                    "config": {},
                    "datatype": "semantic",
                    "description": "* Collection_id: LAP.1_Name\n* Field_id:\n* Category_id: CAT.1_Names_and_Classifications",
                    "exportable": false,
                    "fieldname": null,
                    "graph_id": "06903e8f-1a65-11ee-8f04-cd21e680a247",
                    "hascustomalias": false,
                    "is_collector": true,
                    "isrequired": false,
                    "issearchable": true,
                    "istopnode": false,
                    "name": "name",
                    "nodegroup_id": "190b669d-1a65-11ee-8f04-cd21e680a247",
                    "nodeid": "190b669d-1a65-11ee-8f04-cd21e680a247",
                    "ontologyclass": "http://www.cidoc-crm.org/cidoc-crm/E33_E41_Linguistic_Appellation",
                    "parentproperty": "http://www.cidoc-crm.org/cidoc-crm/P1_is_identified_by",
                    "sortorder": 0,
                    "sourcebranchpublication_id": null
                },
                {
                    "alias": "name_label",
                    "config": {},
                    "datatype": "string",
                    "description": "* Collection_id: LAP.1_Name\n* Field_id: LAF.4_name_label\n* Category_id: CAT.1_Names_and_Classifications\n\n",
                    "exportable": false,
                    "fieldname": null,
                    "graph_id": "06903e8f-1a65-11ee-8f04-cd21e680a247",
                    "hascustomalias": false,
                    "is_collector": false,
                    "isrequired": false,
                    "issearchable": false,
                    "istopnode": false,
                    "name": "name_label",
                    "nodegroup_id": "190b669d-1a65-11ee-8f04-cd21e680a247",
                    "nodeid": "190b66a0-1a65-11ee-8f04-cd21e680a247",
                    "ontologyclass": "http://www.w3.org/2001/XMLSchema#string",
                    "parentproperty": "http://www.w3.org/2000/01/rdf-schema#label",
                    "sortorder": 0,
                    "sourcebranchpublication_id": null
                },
                {
                    "alias": "name_content",
                    "config": {},
                    "datatype": "string",
                    "description": "* Collection_id: LAP.1_Name\n* Field_id: LAF.6_name_content\n* Category_id: CAT.1_Names_and_Classifications",
                    "exportable": false,
                    "fieldname": null,
                    "graph_id": "06903e8f-1a65-11ee-8f04-cd21e680a247",
                    "hascustomalias": false,
                    "is_collector": false,
                    "isrequired": true,
                    "issearchable": true,
                    "istopnode": false,
                    "name": "name_content",
                    "nodegroup_id": "190b669d-1a65-11ee-8f04-cd21e680a247",
                    "nodeid": "190b66a2-1a65-11ee-8f04-cd21e680a247",
                    "ontologyclass": "http://www.w3.org/2001/XMLSchema#string",
                    "parentproperty": "http://www.cidoc-crm.org/cidoc-crm/P190_has_symbolic_content",
                    "sortorder": 0,
                    "sourcebranchpublication_id": null
                },
                {
                    "alias": "identifier",
                    "config": {},
                    "datatype": "semantic",
                    "description": "* Collection_id: \n* Field_id: \n* Category_id: CAT.1_Names_and_Classifications",
                    "exportable": false,
                    "fieldname": null,
                    "graph_id": "06903e8f-1a65-11ee-8f04-cd21e680a247",
                    "hascustomalias": false,
                    "is_collector": true,
                    "isrequired": false,
                    "issearchable": true,
                    "istopnode": false,
                    "name": "identifier",
                    "nodegroup_id": "1a590efb-1a65-11ee-8f04-cd21e680a247",
                    "nodeid": "1a590efb-1a65-11ee-8f04-cd21e680a247",
                    "ontologyclass": "http://www.cidoc-crm.org/cidoc-crm/E42_Identifier",
                    "parentproperty": "http://www.cidoc-crm.org/cidoc-crm/P1_is_identified_by",
                    "sortorder": 0,
                    "sourcebranchpublication_id": null
                },
                {
                    "alias": "identifier_label",
                    "config": {},
                    "datatype": "string",
                    "description": "* Collection_id: LAP.2_Identifier\n* Field_id: LAF.8_identifier_label\n* Category_id: CAT.1_Names_and_Classifications",
                    "exportable": false,
                    "fieldname": null,
                    "graph_id": "06903e8f-1a65-11ee-8f04-cd21e680a247",
                    "hascustomalias": false,
                    "is_collector": false,
                    "isrequired": false,
                    "issearchable": false,
                    "istopnode": false,
                    "name": "identifier_label",
                    "nodegroup_id": "1a590efb-1a65-11ee-8f04-cd21e680a247",
                    "nodeid": "1a590efe-1a65-11ee-8f04-cd21e680a247",
                    "ontologyclass": "http://www.w3.org/2001/XMLSchema#string",
                    "parentproperty": "http://www.w3.org/2000/01/rdf-schema#label",
                    "sortorder": 0,
                    "sourcebranchpublication_id": null
                },
                {
                    "alias": "identifier_content",
                    "config": {},
                    "datatype": "string",
                    "description": "* Collection_id: LAP.2_Identifier\n* Field_id: LAF.10_identifier_content\n* Category_id: CAT.1_Names_and_Classifications",
                    "exportable": false,
                    "fieldname": null,
                    "graph_id": "06903e8f-1a65-11ee-8f04-cd21e680a247",
                    "hascustomalias": false,
                    "is_collector": false,
                    "isrequired": true,
                    "issearchable": true,
                    "istopnode": false,
                    "name": "identifier_content",
                    "nodegroup_id": "1a590efb-1a65-11ee-8f04-cd21e680a247",
                    "nodeid": "1a590eff-1a65-11ee-8f04-cd21e680a247",
                    "ontologyclass": "http://www.w3.org/2001/XMLSchema#string",
                    "parentproperty": "http://www.cidoc-crm.org/cidoc-crm/P190_has_symbolic_content",
                    "sortorder": 0,
                    "sourcebranchpublication_id": null
                },
                {
                    "alias": "statement_type_metatype",
                    "config": {
                        "graphs": [
                            {
                                "graphid": "aac34849-19a2-11ee-8f04-cd21e680a247",
                                "name": "Concept "
                            }
                        ],
                        "searchDsl": "",
                        "searchString": ""
                    },
                    "datatype": "resource-instance-list",
                    "description": null,
                    "exportable": false,
                    "fieldname": null,
                    "graph_id": "06903e8f-1a65-11ee-8f04-cd21e680a247",
                    "hascustomalias": false,
                    "is_collector": false,
                    "isrequired": false,
                    "issearchable": true,
                    "istopnode": false,
                    "name": "statement_type_metatype",
                    "nodegroup_id": "1c29f568-1a65-11ee-8f04-cd21e680a247",
                    "nodeid": "1bde3524-2169-11ee-a966-bfab10c4cd7b",
                    "ontologyclass": "http://www.cidoc-crm.org/cidoc-crm/E55_Type",
                    "parentproperty": "http://www.cidoc-crm.org/cidoc-crm/P2_has_type",
                    "sortorder": 0,
                    "sourcebranchpublication_id": null
                },
                {
                    "alias": "statement_name",
                    "config": {},
                    "datatype": "semantic",
                    "description": "* Collection_id: LAP.4_Statement\n* Field_id: LAF.50_name_statement\n* Category_id: CAT.4_Description",
                    "exportable": false,
                    "fieldname": null,
                    "graph_id": "06903e8f-1a65-11ee-8f04-cd21e680a247",
                    "hascustomalias": false,
                    "is_collector": true,
                    "isrequired": false,
                    "issearchable": true,
                    "istopnode": false,
                    "name": "statement_name",
                    "nodegroup_id": "1c29f565-1a65-11ee-8f04-cd21e680a247",
                    "nodeid": "1c29f565-1a65-11ee-8f04-cd21e680a247",
                    "ontologyclass": "http://www.cidoc-crm.org/cidoc-crm/E33_E41_Linguistic_Appellation",
                    "parentproperty": "http://www.cidoc-crm.org/cidoc-crm/P1_is_identified_by",
                    "sortorder": 0,
                    "sourcebranchpublication_id": null
                },
                {
                    "alias": "statement",
                    "config": {},
                    "datatype": "semantic",
                    "description": "* Collection_id: \n* Field_id: \n* Category_id: CAT.4_Description",
                    "exportable": false,
                    "fieldname": null,
                    "graph_id": "06903e8f-1a65-11ee-8f04-cd21e680a247",
                    "hascustomalias": false,
                    "is_collector": true,
                    "isrequired": false,
                    "issearchable": true,
                    "istopnode": false,
                    "name": "statement",
                    "nodegroup_id": "1c29f568-1a65-11ee-8f04-cd21e680a247",
                    "nodeid": "1c29f568-1a65-11ee-8f04-cd21e680a247",
                    "ontologyclass": "http://www.cidoc-crm.org/cidoc-crm/E33_Linguistic_Object",
                    "parentproperty": "http://www.cidoc-crm.org/cidoc-crm/P67i_is_referred_to_by",
                    "sortorder": 0,
                    "sourcebranchpublication_id": null
                },
                {
                    "alias": "statement_label",
                    "config": {},
                    "datatype": "string",
                    "description": "* Collection_id: LAP.4_Statement\n* Field_id: LAF.13_statement_label\n* Category_id: CAT.4_Description",
                    "exportable": false,
                    "fieldname": null,
                    "graph_id": "06903e8f-1a65-11ee-8f04-cd21e680a247",
                    "hascustomalias": false,
                    "is_collector": false,
                    "isrequired": false,
                    "issearchable": false,
                    "istopnode": false,
                    "name": "statement_label",
                    "nodegroup_id": "1c29f568-1a65-11ee-8f04-cd21e680a247",
                    "nodeid": "1c29f56b-1a65-11ee-8f04-cd21e680a247",
                    "ontologyclass": "http://www.w3.org/2001/XMLSchema#string",
                    "parentproperty": "http://www.w3.org/2000/01/rdf-schema#label",
                    "sortorder": 0,
                    "sourcebranchpublication_id": null
                },
                {
                    "alias": "statement_content",
                    "config": {},
                    "datatype": "string",
                    "description": "* Collection_id: LAP.4_Statement\n* Field_id: LAF.15_statement_content\n* Category_id: CAT.4_Description",
                    "exportable": false,
                    "fieldname": null,
                    "graph_id": "06903e8f-1a65-11ee-8f04-cd21e680a247",
                    "hascustomalias": false,
                    "is_collector": false,
                    "isrequired": true,
                    "issearchable": true,
                    "istopnode": false,
                    "name": "statement_content",
                    "nodegroup_id": "1c29f568-1a65-11ee-8f04-cd21e680a247",
                    "nodeid": "1c29f56c-1a65-11ee-8f04-cd21e680a247",
                    "ontologyclass": "http://www.w3.org/2001/XMLSchema#string",
                    "parentproperty": "http://www.cidoc-crm.org/cidoc-crm/P190_has_symbolic_content",
                    "sortorder": 0,
                    "sourcebranchpublication_id": null
                },
                {
                    "alias": "statement_name_label",
                    "config": {},
                    "datatype": "string",
                    "description": "* Collection_id: LAP.1_Name\n* Field_id: LAF.50_LAF.4_name_label\n* Category_id: CAT.4_Description",
                    "exportable": false,
                    "fieldname": null,
                    "graph_id": "06903e8f-1a65-11ee-8f04-cd21e680a247",
                    "hascustomalias": false,
                    "is_collector": false,
                    "isrequired": false,
                    "issearchable": false,
                    "istopnode": false,
                    "name": "statement_name_label",
                    "nodegroup_id": "1c29f565-1a65-11ee-8f04-cd21e680a247",
                    "nodeid": "1c29f570-1a65-11ee-8f04-cd21e680a247",
                    "ontologyclass": "http://www.w3.org/2001/XMLSchema#string",
                    "parentproperty": "http://www.w3.org/2000/01/rdf-schema#label",
                    "sortorder": 0,
                    "sourcebranchpublication_id": null
                },
                {
                    "alias": "statement_name_content",
                    "config": {},
                    "datatype": "string",
                    "description": "* Collection_id: LAP.1_Name\n* Field_id: LAF.50_LAF.5_name_content\n* Category_id: CAT.4_Description",
                    "exportable": false,
                    "fieldname": null,
                    "graph_id": "06903e8f-1a65-11ee-8f04-cd21e680a247",
                    "hascustomalias": false,
                    "is_collector": false,
                    "isrequired": true,
                    "issearchable": false,
                    "istopnode": false,
                    "name": "statement_name_content",
                    "nodegroup_id": "1c29f565-1a65-11ee-8f04-cd21e680a247",
                    "nodeid": "1c29f571-1a65-11ee-8f04-cd21e680a247",
                    "ontologyclass": "http://www.w3.org/2001/XMLSchema#string",
                    "parentproperty": "http://www.cidoc-crm.org/cidoc-crm/P190_has_symbolic_content",
                    "sortorder": 0,
                    "sourcebranchpublication_id": null
                },
                {
                    "alias": "statement_name_language",
                    "config": {
                        "graphs": [
                            {
                                "graphid": "aac34849-19a2-11ee-8f04-cd21e680a247",
                                "name": "Concept "
                            }
                        ],
                        "searchDsl": "",
                        "searchString": ""
                    },
                    "datatype": "resource-instance-list",
                    "description": null,
                    "exportable": false,
                    "fieldname": null,
                    "graph_id": "06903e8f-1a65-11ee-8f04-cd21e680a247",
                    "hascustomalias": false,
                    "is_collector": false,
                    "isrequired": false,
                    "issearchable": true,
                    "istopnode": false,
                    "name": "statement_name_language",
                    "nodegroup_id": "1c29f565-1a65-11ee-8f04-cd21e680a247",
                    "nodeid": "2b84452c-2169-11ee-a966-bfab10c4cd7b",
                    "ontologyclass": "http://www.cidoc-crm.org/cidoc-crm/E56_Language",
                    "parentproperty": "http://www.cidoc-crm.org/cidoc-crm/P72_has_language",
                    "sortorder": 0,
                    "sourcebranchpublication_id": null
                },
                {
                    "alias": "statement_name_type",
                    "config": {
                        "graphs": [
                            {
                                "graphid": "aac34849-19a2-11ee-8f04-cd21e680a247",
                                "name": "Concept "
                            }
                        ],
                        "searchDsl": "",
                        "searchString": ""
                    },
                    "datatype": "resource-instance-list",
                    "description": null,
                    "exportable": false,
                    "fieldname": null,
                    "graph_id": "06903e8f-1a65-11ee-8f04-cd21e680a247",
                    "hascustomalias": false,
                    "is_collector": false,
                    "isrequired": false,
                    "issearchable": true,
                    "istopnode": false,
                    "name": "statement_name_type",
                    "nodegroup_id": "1c29f565-1a65-11ee-8f04-cd21e680a247",
                    "nodeid": "34f52df6-2169-11ee-a966-bfab10c4cd7b",
                    "ontologyclass": "http://www.cidoc-crm.org/cidoc-crm/E55_Type",
                    "parentproperty": "http://www.cidoc-crm.org/cidoc-crm/P2_has_type",
                    "sortorder": 0,
                    "sourcebranchpublication_id": null
                },
                {
                    "alias": "type",
                    "config": {
                        "graphs": [
                            {
                                "graphid": "aac34849-19a2-11ee-8f04-cd21e680a247",
                                "name": "Concept "
                            }
                        ],
                        "searchDsl": "",
                        "searchString": ""
                    },
                    "datatype": "resource-instance-list",
                    "description": null,
                    "exportable": false,
                    "fieldname": null,
                    "graph_id": "06903e8f-1a65-11ee-8f04-cd21e680a247",
                    "hascustomalias": false,
                    "is_collector": true,
                    "isrequired": false,
                    "issearchable": true,
                    "istopnode": false,
                    "name": "type",
                    "nodegroup_id": "4136fc2a-2169-11ee-a966-bfab10c4cd7b",
                    "nodeid": "4136fc2a-2169-11ee-a966-bfab10c4cd7b",
                    "ontologyclass": "http://www.cidoc-crm.org/cidoc-crm/E55_Type",
                    "parentproperty": "http://www.cidoc-crm.org/cidoc-crm/P2_has_type",
                    "sortorder": 0,
                    "sourcebranchpublication_id": null
                },
                {
                    "alias": "type_metatype",
                    "config": {
                        "graphs": [
                            {
                                "graphid": "aac34849-19a2-11ee-8f04-cd21e680a247",
                                "name": "Concept "
                            }
                        ],
                        "searchDsl": "",
                        "searchString": ""
                    },
                    "datatype": "resource-instance-list",
                    "description": null,
                    "exportable": false,
                    "fieldname": null,
                    "graph_id": "06903e8f-1a65-11ee-8f04-cd21e680a247",
                    "hascustomalias": false,
                    "is_collector": false,
                    "isrequired": false,
                    "issearchable": true,
                    "istopnode": false,
                    "name": "type_metatype",
                    "nodegroup_id": "4136fc2a-2169-11ee-a966-bfab10c4cd7b",
                    "nodeid": "4a0da1fd-2169-11ee-a966-bfab10c4cd7b",
                    "ontologyclass": "http://www.cidoc-crm.org/cidoc-crm/E55_Type",
                    "parentproperty": "http://www.cidoc-crm.org/cidoc-crm/P2_has_type",
                    "sortorder": 0,
                    "sourcebranchpublication_id": null
                },
                {
                    "alias": "name_type",
                    "config": {
                        "graphs": [
                            {
                                "graphid": "aac34849-19a2-11ee-8f04-cd21e680a247",
                                "name": "Concept "
                            }
                        ],
                        "searchDsl": "",
                        "searchString": ""
                    },
                    "datatype": "resource-instance-list",
                    "description": null,
                    "exportable": false,
                    "fieldname": null,
                    "graph_id": "06903e8f-1a65-11ee-8f04-cd21e680a247",
                    "hascustomalias": false,
                    "is_collector": false,
                    "isrequired": false,
                    "issearchable": true,
                    "istopnode": false,
                    "name": "name_type",
                    "nodegroup_id": "190b669d-1a65-11ee-8f04-cd21e680a247",
                    "nodeid": "584913ee-2169-11ee-a966-bfab10c4cd7b",
                    "ontologyclass": "http://www.cidoc-crm.org/cidoc-crm/E55_Type",
                    "parentproperty": "http://www.cidoc-crm.org/cidoc-crm/P2_has_type",
                    "sortorder": 0,
                    "sourcebranchpublication_id": null
                },
                {
                    "alias": "name_language",
                    "config": {
                        "graphs": [
                            {
                                "graphid": "aac34849-19a2-11ee-8f04-cd21e680a247",
                                "name": "Concept "
                            }
                        ],
                        "searchDsl": "",
                        "searchString": ""
                    },
                    "datatype": "resource-instance-list",
                    "description": null,
                    "exportable": false,
                    "fieldname": null,
                    "graph_id": "06903e8f-1a65-11ee-8f04-cd21e680a247",
                    "hascustomalias": false,
                    "is_collector": false,
                    "isrequired": false,
                    "issearchable": true,
                    "istopnode": false,
                    "name": "name_language",
                    "nodegroup_id": "190b669d-1a65-11ee-8f04-cd21e680a247",
                    "nodeid": "62f62f20-2169-11ee-a966-bfab10c4cd7b",
                    "ontologyclass": "http://www.cidoc-crm.org/cidoc-crm/E56_Language",
                    "parentproperty": "http://www.cidoc-crm.org/cidoc-crm/P72_has_language",
                    "sortorder": 0,
                    "sourcebranchpublication_id": null
                },
                {
                    "alias": "identifier_type",
                    "config": {
                        "graphs": [
                            {
                                "graphid": "aac34849-19a2-11ee-8f04-cd21e680a247",
                                "name": "Concept "
                            }
                        ],
                        "searchDsl": "",
                        "searchString": ""
                    },
                    "datatype": "resource-instance-list",
                    "description": null,
                    "exportable": false,
                    "fieldname": null,
                    "graph_id": "06903e8f-1a65-11ee-8f04-cd21e680a247",
                    "hascustomalias": false,
                    "is_collector": false,
                    "isrequired": false,
                    "issearchable": true,
                    "istopnode": false,
                    "name": "identifier_type",
                    "nodegroup_id": "1a590efb-1a65-11ee-8f04-cd21e680a247",
                    "nodeid": "6ea2f420-2169-11ee-a966-bfab10c4cd7b",
                    "ontologyclass": "http://www.cidoc-crm.org/cidoc-crm/E55_Type",
                    "parentproperty": "http://www.cidoc-crm.org/cidoc-crm/P2_has_type",
                    "sortorder": 0,
                    "sourcebranchpublication_id": null
                }
            ],
            "ontology_id": "0b1f5462-faa7-11e9-8f09-3af9d3b32b71",
            "publication": {
                "graph_id": "06903e8f-1a65-11ee-8f04-cd21e680a247",
                "notes": null,
                "publicationid": "09f50886-24bd-11ee-bf11-acde48001122",
                "published_time": "2023-07-17T11:14:42.953"
            },
            "relatable_resource_model_ids": [],
            "resource_2_resource_constraints": [],
            "root": {
                "alias": "place",
                "config": {},
                "datatype": "semantic",
                "description": "",
                "exportable": false,
                "fieldname": null,
                "graph_id": "06903e8f-1a65-11ee-8f04-cd21e680a247",
                "hascustomalias": false,
                "is_collector": false,
                "isrequired": false,
                "issearchable": true,
                "istopnode": true,
                "name": "Place",
                "nodegroup_id": null,
                "nodeid": "06903e8e-1a65-11ee-8f04-cd21e680a247",
                "ontologyclass": "http://www.cidoc-crm.org/cidoc-crm/E53_Place",
                "sortorder": 0,
                "sourcebranchpublication_id": null
            },
            "slug": null,
            "subtitle": {
                "en": ""
            },
            "template_id": "50000000-0000-0000-0000-000000000001",
            "version": ""
        }
    ]
}