{
    "graph": [
        {
            "author": " Linked Art Community",
            "cards": [
                {
                    "active": true,
                    "cardid": "1d421b66-bbd6-11ea-b6b2-3af9d3b32b71",
                    "component_id": "f05e4d3a-53c1-11e8-b0ea-784f435179ea",
                    "config": null,
                    "constraints": [],
                    "cssclass": null,
                    "description": {
                        "en": "It is strongly recommended that every resource that should be rendered to an end user have at least one name.\nDifferent types of name can be distinguished using classifications.\nSee: https://linked.art/model/base/#names\n\nArches note: This node's content should be the value for the title descriptor function, when used for a resource model."
                    },
                    "graph_id": "6dad61aa-b4b5-11ea-84f7-3af9d3b32b71",
                    "helpenabled": false,
                    "helptext": {
                        "en": null
                    },
                    "helptitle": {
                        "en": null
                    },
                    "instructions": {
                        "en": null
                    },
                    "is_editable": true,
                    "name": {
                        "en": "Name for Statement about Textual Work"
                    },
                    "nodegroup_id": "1d421968-bbd6-11ea-b6b2-3af9d3b32b71",
                    "sortorder": 1,
                    "visible": false
                },
                {
                    "active": true,
                    "cardid": "1d421e18-bbd6-11ea-b6b2-3af9d3b32b71",
                    "component_id": "f05e4d3a-53c1-11e8-b0ea-784f435179ea",
                    "config": null,
                    "constraints": [],
                    "cssclass": "big",
                    "description": {
                        "en": "In many cases, current data does not support the level of specificity that the full ontology allows, or the information is simply best expressed in human-readable form. For example, instead of a completely modeled set of parts with materials, many museum collection management systems allow only a single human-readable string for the \"medium\" or \"materials statement\".  Any time that there is a description of the resource, with or without qualification as to the type of description, then this branch can be used to record the descriptive text.\nSee: https://linked.art/model/base/#statements-about-a-resource\n\n* BranchId: la-statement"
                    },
                    "graph_id": "6dad61aa-b4b5-11ea-84f7-3af9d3b32b71",
                    "helpenabled": false,
                    "helptext": {
                        "en": null
                    },
                    "helptitle": {
                        "en": null
                    },
                    "instructions": {
                        "en": null
                    },
                    "is_editable": true,
                    "name": {
                        "en": "Statement about Textual Work"
                    },
                    "nodegroup_id": "1d421c92-bbd6-11ea-b6b2-3af9d3b32b71",
                    "sortorder": 3,
                    "visible": true
                },
                {
                    "active": true,
                    "cardid": "1ed4a03a-216e-11ee-a966-bfab10c4cd7b",
                    "component_id": "f05e4d3a-53c1-11e8-b0ea-784f435179ea",
                    "config": null,
                    "constraints": [],
                    "cssclass": null,
                    "description": null,
                    "graph_id": "6dad61aa-b4b5-11ea-84f7-3af9d3b32b71",
                    "helpenabled": false,
                    "helptext": {
                        "en": null
                    },
                    "helptitle": {
                        "en": null
                    },
                    "instructions": {
                        "en": null
                    },
                    "is_editable": true,
                    "name": {
                        "en": "Type"
                    },
                    "nodegroup_id": "1ed4a038-216e-11ee-a966-bfab10c4cd7b",
                    "sortorder": 1,
                    "visible": true
                },
                {
                    "active": true,
                    "cardid": "ab2d016d-a6d5-11ed-9522-7d5311f38495",
                    "component_id": "f05e4d3a-53c1-11e8-b0ea-784f435179ea",
                    "config": null,
                    "constraints": [],
                    "cssclass": "bigger",
                    "description": {
                        "en": "* Collection_id: LAP.1_Name\n* Field_id:\n* Category_id: CAT.1_Names_and_Classifications"
                    },
                    "graph_id": "6dad61aa-b4b5-11ea-84f7-3af9d3b32b71",
                    "helpenabled": false,
                    "helptext": {
                        "en": null
                    },
                    "helptitle": {
                        "en": null
                    },
                    "instructions": {
                        "en": null
                    },
                    "is_editable": true,
                    "name": {
                        "en": "Name"
                    },
                    "nodegroup_id": "ab2d016b-a6d5-11ed-9522-7d5311f38495",
                    "sortorder": 0,
                    "visible": true
                },
                {
                    "active": true,
                    "cardid": "f64da32b-0b2e-11ec-ba15-0a9473e82189",
                    "component_id": "f05e4d3a-53c1-11e8-b0ea-784f435179ea",
                    "config": null,
                    "constraints": [],
                    "cssclass": "big",
                    "description": "",
                    "graph_id": "6dad61aa-b4b5-11ea-84f7-3af9d3b32b71",
                    "helpenabled": false,
                    "helptext": {
                        "en": null
                    },
                    "helptitle": {
                        "en": null
                    },
                    "instructions": {
                        "en": null
                    },
                    "is_editable": true,
                    "name": {
                        "en": "Identifier for Textual Work"
                    },
                    "nodegroup_id": "f64da329-0b2e-11ec-ba15-0a9473e82189",
                    "sortorder": 2,
                    "visible": true
                }
            ],
            "cards_x_nodes_x_widgets": [
                {
                    "card_id": "1d421b66-bbd6-11ea-b6b2-3af9d3b32b71",
                    "config": {
                        "defaultValue": {
                            "en": {
                                "direction": "ltr",
                                "value": null
                            }
                        },
                        "i18n_properties": [
                            "placeholder"
                        ],
                        "label": "Name",
                        "maxLength": null,
                        "placeholder": {
                            "en": "Enter text"
                        },
                        "uneditable": false,
                        "width": "100%"
                    },
                    "id": "1d4224da-bbd6-11ea-b6b2-3af9d3b32b71",
                    "label": {
                        "en": "Name"
                    },
                    "node_id": "1d42208e-bbd6-11ea-b6b2-3af9d3b32b71",
                    "sortorder": 2,
                    "visible": true,
                    "widget_id": "10000000-0000-0000-0000-000000000001"
                },
                {
                    "card_id": "1d421b66-bbd6-11ea-b6b2-3af9d3b32b71",
                    "config": {
                        "defaultValue": {
                            "en": {
                                "direction": "ltr",
                                "value": ""
                            }
                        },
                        "i18n_properties": [
                            "placeholder"
                        ],
                        "label": "Name Label",
                        "maxLength": null,
                        "placeholder": {
                            "en": "Enter text"
                        },
                        "uneditable": false,
                        "width": "100%"
                    },
                    "id": "1d422520-bbd6-11ea-b6b2-3af9d3b32b71",
                    "label": {
                        "en": "Name Label"
                    },
                    "node_id": "1d42228c-bbd6-11ea-b6b2-3af9d3b32b71",
                    "sortorder": 3,
                    "visible": false,
                    "widget_id": "10000000-0000-0000-0000-000000000001"
                },
                {
                    "card_id": "1d421e18-bbd6-11ea-b6b2-3af9d3b32b71",
                    "config": {
                        "defaultValue": {
                            "en": {
                                "direction": "ltr",
                                "value": ""
                            }
                        },
                        "i18n_properties": [
                            "placeholder"
                        ],
                        "label": "Statement",
                        "maxLength": null,
                        "placeholder": {
                            "en": "Enter text"
                        },
                        "uneditable": false,
                        "width": "100%"
                    },
                    "id": "1d4225a2-bbd6-11ea-b6b2-3af9d3b32b71",
                    "label": {
                        "en": "Statement"
                    },
                    "node_id": "1d421efe-bbd6-11ea-b6b2-3af9d3b32b71",
                    "sortorder": 3,
                    "visible": true,
                    "widget_id": "10000000-0000-0000-0000-000000000001"
                },
                {
                    "card_id": "1d421e18-bbd6-11ea-b6b2-3af9d3b32b71",
                    "config": {
                        "defaultValue": {
                            "en": {
                                "direction": "ltr",
                                "value": null
                            }
                        },
                        "i18n_properties": [
                            "placeholder"
                        ],
                        "label": "Statement Label",
                        "maxLength": null,
                        "placeholder": {
                            "en": "Enter text"
                        },
                        "uneditable": false,
                        "width": "100%"
                    },
                    "id": "1d4225ca-bbd6-11ea-b6b2-3af9d3b32b71",
                    "label": {
                        "en": "Statement Label"
                    },
                    "node_id": "1d422336-bbd6-11ea-b6b2-3af9d3b32b71",
                    "sortorder": 4,
                    "visible": false,
                    "widget_id": "10000000-0000-0000-0000-000000000001"
                },
                {
                    "card_id": "1ed4a03a-216e-11ee-a966-bfab10c4cd7b",
                    "config": {
                        "defaultResourceInstance": [],
                        "i18n_properties": [
                            "placeholder"
                        ],
                        "label": "Type",
                        "placeholder": {
                            "en": ""
                        }
                    },
                    "id": "28dd160d-216e-11ee-a966-bfab10c4cd7b",
                    "label": {
                        "en": "Type"
                    },
                    "node_id": "1ed4a038-216e-11ee-a966-bfab10c4cd7b",
                    "sortorder": 1,
                    "visible": true,
                    "widget_id": "ff3c400a-76ec-11e7-a793-784f435179ea"
                },
                {
                    "card_id": "ab2d016d-a6d5-11ed-9522-7d5311f38495",
                    "config": {
                        "defaultValue": {
                            "en": {
                                "direction": "ltr",
                                "value": null
                            }
                        },
                        "i18n_properties": [
                            "placeholder"
                        ],
                        "label": "Name",
                        "maxLength": null,
                        "placeholder": {
                            "en": "Enter text"
                        },
                        "uneditable": false,
                        "width": "100%"
                    },
                    "id": "ab2d0172-a6d5-11ed-9522-7d5311f38495",
                    "label": {
                        "en": "Name"
                    },
                    "node_id": "ab2d0170-a6d5-11ed-9522-7d5311f38495",
                    "sortorder": 0,
                    "visible": true,
                    "widget_id": "10000000-0000-0000-0000-000000000001"
                },
                {
                    "card_id": "ab2d016d-a6d5-11ed-9522-7d5311f38495",
                    "config": {
                        "defaultValue": {
                            "en": {
                                "direction": "ltr",
                                "value": null
                            }
                        },
                        "i18n_properties": [
                            "placeholder"
                        ],
                        "label": "Name Label",
                        "maxLength": null,
                        "placeholder": {
                            "en": "Enter text"
                        },
                        "uneditable": false,
                        "width": "100%"
                    },
                    "id": "ab2d0173-a6d5-11ed-9522-7d5311f38495",
                    "label": {
                        "en": "Name Label"
                    },
                    "node_id": "ab2d016e-a6d5-11ed-9522-7d5311f38495",
                    "sortorder": 1,
                    "visible": false,
                    "widget_id": "10000000-0000-0000-0000-000000000001"
                },
                {
                    "card_id": "ab2d016d-a6d5-11ed-9522-7d5311f38495",
                    "config": {
                        "defaultResourceInstance": [],
                        "i18n_properties": [
                            "placeholder"
                        ],
                        "label": "Name Language",
                        "placeholder": {
                            "en": ""
                        }
                    },
                    "id": "bf7c6819-2170-11ee-a966-bfab10c4cd7b",
                    "label": {
                        "en": "Name Language"
                    },
                    "node_id": "a21471a6-2170-11ee-a966-bfab10c4cd7b",
                    "sortorder": 2,
                    "visible": true,
                    "widget_id": "ff3c400a-76ec-11e7-a793-784f435179ea"
                },
                {
                    "card_id": "ab2d016d-a6d5-11ed-9522-7d5311f38495",
                    "config": {
                        "defaultResourceInstance": [],
                        "i18n_properties": [
                            "placeholder"
                        ],
                        "label": "Name Type",
                        "placeholder": {
                            "en": ""
                        }
                    },
                    "id": "bf7c681b-2170-11ee-a966-bfab10c4cd7b",
                    "label": {
                        "en": "Name Type"
                    },
                    "node_id": "ab7c97c8-2170-11ee-a966-bfab10c4cd7b",
                    "sortorder": 3,
                    "visible": true,
                    "widget_id": "ff3c400a-76ec-11e7-a793-784f435179ea"
                },
                {
                    "card_id": "1ed4a03a-216e-11ee-a966-bfab10c4cd7b",
                    "config": {
                        "defaultResourceInstance": [],
                        "i18n_properties": [
                            "placeholder"
                        ],
                        "label": "Type Metatype",
                        "placeholder": {
                            "en": ""
                        }
                    },
                    "id": "cc677977-2170-11ee-a966-bfab10c4cd7b",
                    "label": {
                        "en": "Type Metatype"
                    },
                    "node_id": "2b9957dc-216e-11ee-a966-bfab10c4cd7b",
                    "sortorder": 0,
                    "visible": true,
                    "widget_id": "ff3c400a-76ec-11e7-a793-784f435179ea"
                },
                {
                    "card_id": "1d421e18-bbd6-11ea-b6b2-3af9d3b32b71",
                    "config": {
                        "defaultResourceInstance": [],
                        "i18n_properties": [
                            "placeholder"
                        ],
                        "label": "Statement Language",
                        "placeholder": {
                            "en": ""
                        }
                    },
                    "id": "d93026a9-2170-11ee-a966-bfab10c4cd7b",
                    "label": {
                        "en": "Statement Language"
                    },
                    "node_id": "85339fa0-216e-11ee-a966-bfab10c4cd7b",
                    "sortorder": 0,
                    "visible": true,
                    "widget_id": "ff3c400a-76ec-11e7-a793-784f435179ea"
                },
                {
                    "card_id": "1d421e18-bbd6-11ea-b6b2-3af9d3b32b71",
                    "config": {
                        "defaultResourceInstance": [],
                        "i18n_properties": [
                            "placeholder"
                        ],
                        "label": "Statement Type",
                        "placeholder": {
                            "en": ""
                        }
                    },
                    "id": "d93026ab-2170-11ee-a966-bfab10c4cd7b",
                    "label": {
                        "en": "Statement Type"
                    },
                    "node_id": "917aa092-216e-11ee-a966-bfab10c4cd7b",
                    "sortorder": 1,
                    "visible": true,
                    "widget_id": "ff3c400a-76ec-11e7-a793-784f435179ea"
                },
                {
                    "card_id": "1d421e18-bbd6-11ea-b6b2-3af9d3b32b71",
                    "config": {
                        "defaultResourceInstance": [],
                        "i18n_properties": [
                            "placeholder"
                        ],
                        "label": "Statement Type Metatype",
                        "placeholder": {
                            "en": ""
                        }
                    },
                    "id": "d93026ad-2170-11ee-a966-bfab10c4cd7b",
                    "label": {
                        "en": "Statement Type Metatype"
                    },
                    "node_id": "9a3eca14-216e-11ee-a966-bfab10c4cd7b",
                    "sortorder": 2,
                    "visible": true,
                    "widget_id": "ff3c400a-76ec-11e7-a793-784f435179ea"
                },
                {
                    "card_id": "1d421b66-bbd6-11ea-b6b2-3af9d3b32b71",
                    "config": {
                        "defaultResourceInstance": [],
                        "i18n_properties": [
                            "placeholder"
                        ],
                        "label": "Name Type",
                        "placeholder": {
                            "en": ""
                        }
                    },
                    "id": "ebdc55d9-2170-11ee-a966-bfab10c4cd7b",
                    "label": {
                        "en": "Name Type"
                    },
                    "node_id": "b4893706-216e-11ee-a966-bfab10c4cd7b",
                    "sortorder": 0,
                    "visible": true,
                    "widget_id": "ff3c400a-76ec-11e7-a793-784f435179ea"
                },
                {
                    "card_id": "1d421b66-bbd6-11ea-b6b2-3af9d3b32b71",
                    "config": {
                        "defaultResourceInstance": [],
                        "i18n_properties": [
                            "placeholder"
                        ],
                        "label": "Name Language",
                        "placeholder": {
                            "en": ""
                        }
                    },
                    "id": "ebdc55db-2170-11ee-a966-bfab10c4cd7b",
                    "label": {
                        "en": "Name Language"
                    },
                    "node_id": "c0794af6-216e-11ee-a966-bfab10c4cd7b",
                    "sortorder": 1,
                    "visible": true,
                    "widget_id": "ff3c400a-76ec-11e7-a793-784f435179ea"
                },
                {
                    "card_id": "f64da32b-0b2e-11ec-ba15-0a9473e82189",
                    "config": {
                        "defaultValue": {
                            "en": {
                                "direction": "ltr",
                                "value": null
                            }
                        },
                        "i18n_properties": [
                            "placeholder"
                        ],
                        "label": "Identifier Label",
                        "maxLength": null,
                        "placeholder": {
                            "en": "Enter text"
                        },
                        "uneditable": false,
                        "width": "100%"
                    },
                    "id": "f64da374-0b2e-11ec-ba15-0a9473e82189",
                    "label": {
                        "en": "Identifier Label"
                    },
                    "node_id": "f64da368-0b2e-11ec-ba15-0a9473e82189",
                    "sortorder": 2,
                    "visible": false,
                    "widget_id": "10000000-0000-0000-0000-000000000001"
                },
                {
                    "card_id": "f64da32b-0b2e-11ec-ba15-0a9473e82189",
                    "config": {
                        "defaultValue": {
                            "en": {
                                "direction": "ltr",
                                "value": ""
                            }
                        },
                        "i18n_properties": [
                            "placeholder"
                        ],
                        "label": "Identifier",
                        "maxLength": null,
                        "placeholder": {
                            "en": "Enter text"
                        },
                        "uneditable": false,
                        "width": "100%"
                    },
                    "id": "f64da375-0b2e-11ec-ba15-0a9473e82189",
                    "label": {
                        "en": "Identifier"
                    },
                    "node_id": "f64da35e-0b2e-11ec-ba15-0a9473e82189",
                    "sortorder": 1,
                    "visible": true,
                    "widget_id": "10000000-0000-0000-0000-000000000001"
                },
                {
                    "card_id": "f64da32b-0b2e-11ec-ba15-0a9473e82189",
                    "config": {
                        "defaultResourceInstance": [],
                        "i18n_properties": [
                            "placeholder"
                        ],
                        "label": "Identifier Type",
                        "placeholder": {
                            "en": ""
                        }
                    },
                    "id": "f765916d-2170-11ee-a966-bfab10c4cd7b",
                    "label": {
                        "en": "Identifier Type"
                    },
                    "node_id": "d6976156-216e-11ee-a966-bfab10c4cd7b",
                    "sortorder": 0,
                    "visible": true,
                    "widget_id": "ff3c400a-76ec-11e7-a793-784f435179ea"
                }
            ],
            "color": "rgb(253,220,52)",
            "config": {},
            "deploymentdate": null,
            "deploymentfile": null,
            "description": {
                "en": ""
            },
            "edges": [
                {
                    "description": null,
                    "domainnode_id": "1d421968-bbd6-11ea-b6b2-3af9d3b32b71",
                    "edgeid": "1d42354c-bbd6-11ea-b6b2-3af9d3b32b71",
                    "graph_id": "6dad61aa-b4b5-11ea-84f7-3af9d3b32b71",
                    "name": null,
                    "ontologyproperty": "http://www.cidoc-crm.org/cidoc-crm/P190_has_symbolic_content",
                    "rangenode_id": "1d42208e-bbd6-11ea-b6b2-3af9d3b32b71"
                },
                {
                    "description": null,
                    "domainnode_id": "1d421c92-bbd6-11ea-b6b2-3af9d3b32b71",
                    "edgeid": "1d4235d8-bbd6-11ea-b6b2-3af9d3b32b71",
                    "graph_id": "6dad61aa-b4b5-11ea-84f7-3af9d3b32b71",
                    "name": null,
                    "ontologyproperty": "http://www.cidoc-crm.org/cidoc-crm/P190_has_symbolic_content",
                    "rangenode_id": "1d421efe-bbd6-11ea-b6b2-3af9d3b32b71"
                },
                {
                    "description": null,
                    "domainnode_id": "1d421c92-bbd6-11ea-b6b2-3af9d3b32b71",
                    "edgeid": "1d4236e6-bbd6-11ea-b6b2-3af9d3b32b71",
                    "graph_id": "6dad61aa-b4b5-11ea-84f7-3af9d3b32b71",
                    "name": null,
                    "ontologyproperty": "http://www.w3.org/2000/01/rdf-schema#label",
                    "rangenode_id": "1d422336-bbd6-11ea-b6b2-3af9d3b32b71"
                },
                {
                    "description": null,
                    "domainnode_id": "1d421968-bbd6-11ea-b6b2-3af9d3b32b71",
                    "edgeid": "1d423786-bbd6-11ea-b6b2-3af9d3b32b71",
                    "graph_id": "6dad61aa-b4b5-11ea-84f7-3af9d3b32b71",
                    "name": null,
                    "ontologyproperty": "http://www.w3.org/2000/01/rdf-schema#label",
                    "rangenode_id": "1d42228c-bbd6-11ea-b6b2-3af9d3b32b71"
                },
                {
                    "description": null,
                    "domainnode_id": "1d421c92-bbd6-11ea-b6b2-3af9d3b32b71",
                    "edgeid": "1d4237f4-bbd6-11ea-b6b2-3af9d3b32b71",
                    "graph_id": "6dad61aa-b4b5-11ea-84f7-3af9d3b32b71",
                    "name": null,
                    "ontologyproperty": "http://www.cidoc-crm.org/cidoc-crm/P1_is_identified_by",
                    "rangenode_id": "1d421968-bbd6-11ea-b6b2-3af9d3b32b71"
                },
                {
                    "description": null,
                    "domainnode_id": "6dad5f66-b4b5-11ea-84f7-3af9d3b32b71",
                    "edgeid": "1d423998-bbd6-11ea-b6b2-3af9d3b32b71",
                    "graph_id": "6dad61aa-b4b5-11ea-84f7-3af9d3b32b71",
                    "name": null,
                    "ontologyproperty": "http://www.cidoc-crm.org/cidoc-crm/P67i_is_referred_to_by",
                    "rangenode_id": "1d421c92-bbd6-11ea-b6b2-3af9d3b32b71"
                },
                {
                    "description": null,
                    "domainnode_id": "6dad5f66-b4b5-11ea-84f7-3af9d3b32b71",
                    "edgeid": "1ed4a03b-216e-11ee-a966-bfab10c4cd7b",
                    "graph_id": "6dad61aa-b4b5-11ea-84f7-3af9d3b32b71",
                    "name": null,
                    "ontologyproperty": "http://www.cidoc-crm.org/cidoc-crm/P2_has_type",
                    "rangenode_id": "1ed4a038-216e-11ee-a966-bfab10c4cd7b"
                },
                {
                    "description": null,
                    "domainnode_id": "1ed4a038-216e-11ee-a966-bfab10c4cd7b",
                    "edgeid": "2b9957dd-216e-11ee-a966-bfab10c4cd7b",
                    "graph_id": "6dad61aa-b4b5-11ea-84f7-3af9d3b32b71",
                    "name": null,
                    "ontologyproperty": "http://www.cidoc-crm.org/cidoc-crm/P2_has_type",
                    "rangenode_id": "2b9957dc-216e-11ee-a966-bfab10c4cd7b"
                },
                {
                    "description": null,
                    "domainnode_id": "1d421c92-bbd6-11ea-b6b2-3af9d3b32b71",
                    "edgeid": "85339fa1-216e-11ee-a966-bfab10c4cd7b",
                    "graph_id": "6dad61aa-b4b5-11ea-84f7-3af9d3b32b71",
                    "name": null,
                    "ontologyproperty": "http://www.cidoc-crm.org/cidoc-crm/P72_has_language",
                    "rangenode_id": "85339fa0-216e-11ee-a966-bfab10c4cd7b"
                },
                {
                    "description": null,
                    "domainnode_id": "1d421c92-bbd6-11ea-b6b2-3af9d3b32b71",
                    "edgeid": "917aa093-216e-11ee-a966-bfab10c4cd7b",
                    "graph_id": "6dad61aa-b4b5-11ea-84f7-3af9d3b32b71",
                    "name": null,
                    "ontologyproperty": "http://www.cidoc-crm.org/cidoc-crm/P2_has_type",
                    "rangenode_id": "917aa092-216e-11ee-a966-bfab10c4cd7b"
                },
                {
                    "description": null,
                    "domainnode_id": "917aa092-216e-11ee-a966-bfab10c4cd7b",
                    "edgeid": "9a3eca15-216e-11ee-a966-bfab10c4cd7b",
                    "graph_id": "6dad61aa-b4b5-11ea-84f7-3af9d3b32b71",
                    "name": null,
                    "ontologyproperty": "http://www.cidoc-crm.org/cidoc-crm/P2_has_type",
                    "rangenode_id": "9a3eca14-216e-11ee-a966-bfab10c4cd7b"
                },
                {
                    "description": null,
                    "domainnode_id": "ab2d016b-a6d5-11ed-9522-7d5311f38495",
                    "edgeid": "a21471a7-2170-11ee-a966-bfab10c4cd7b",
                    "graph_id": "6dad61aa-b4b5-11ea-84f7-3af9d3b32b71",
                    "name": null,
                    "ontologyproperty": "http://www.cidoc-crm.org/cidoc-crm/P72_has_language",
                    "rangenode_id": "a21471a6-2170-11ee-a966-bfab10c4cd7b"
                },
                {
                    "description": null,
                    "domainnode_id": "ab2d016b-a6d5-11ed-9522-7d5311f38495",
                    "edgeid": "ab2d0176-a6d5-11ed-9522-7d5311f38495",
                    "graph_id": "6dad61aa-b4b5-11ea-84f7-3af9d3b32b71",
                    "name": null,
                    "ontologyproperty": "http://www.cidoc-crm.org/cidoc-crm/P190_has_symbolic_content",
                    "rangenode_id": "ab2d0170-a6d5-11ed-9522-7d5311f38495"
                },
                {
                    "description": null,
                    "domainnode_id": "ab2d016b-a6d5-11ed-9522-7d5311f38495",
                    "edgeid": "ab2d0177-a6d5-11ed-9522-7d5311f38495",
                    "graph_id": "6dad61aa-b4b5-11ea-84f7-3af9d3b32b71",
                    "name": null,
                    "ontologyproperty": "http://www.w3.org/2000/01/rdf-schema#label",
                    "rangenode_id": "ab2d016e-a6d5-11ed-9522-7d5311f38495"
                },
                {
                    "description": null,
                    "domainnode_id": "6dad5f66-b4b5-11ea-84f7-3af9d3b32b71",
                    "edgeid": "ab2d017a-a6d5-11ed-9522-7d5311f38495",
                    "graph_id": "6dad61aa-b4b5-11ea-84f7-3af9d3b32b71",
                    "name": null,
                    "ontologyproperty": "http://www.cidoc-crm.org/cidoc-crm/P106i_forms_part_of",
                    "rangenode_id": "ab2d016b-a6d5-11ed-9522-7d5311f38495"
                },
                {
                    "description": null,
                    "domainnode_id": "ab2d016b-a6d5-11ed-9522-7d5311f38495",
                    "edgeid": "ab7c97c9-2170-11ee-a966-bfab10c4cd7b",
                    "graph_id": "6dad61aa-b4b5-11ea-84f7-3af9d3b32b71",
                    "name": null,
                    "ontologyproperty": "http://www.cidoc-crm.org/cidoc-crm/P2_has_type",
                    "rangenode_id": "ab7c97c8-2170-11ee-a966-bfab10c4cd7b"
                },
                {
                    "description": null,
                    "domainnode_id": "1d421968-bbd6-11ea-b6b2-3af9d3b32b71",
                    "edgeid": "b4893707-216e-11ee-a966-bfab10c4cd7b",
                    "graph_id": "6dad61aa-b4b5-11ea-84f7-3af9d3b32b71",
                    "name": null,
                    "ontologyproperty": "http://www.cidoc-crm.org/cidoc-crm/P2_has_type",
                    "rangenode_id": "b4893706-216e-11ee-a966-bfab10c4cd7b"
                },
                {
                    "description": null,
                    "domainnode_id": "1d421968-bbd6-11ea-b6b2-3af9d3b32b71",
                    "edgeid": "c0794af7-216e-11ee-a966-bfab10c4cd7b",
                    "graph_id": "6dad61aa-b4b5-11ea-84f7-3af9d3b32b71",
                    "name": null,
                    "ontologyproperty": "http://www.cidoc-crm.org/cidoc-crm/P72_has_language",
                    "rangenode_id": "c0794af6-216e-11ee-a966-bfab10c4cd7b"
                },
                {
                    "description": null,
                    "domainnode_id": "f64da329-0b2e-11ec-ba15-0a9473e82189",
                    "edgeid": "d6976157-216e-11ee-a966-bfab10c4cd7b",
                    "graph_id": "6dad61aa-b4b5-11ea-84f7-3af9d3b32b71",
                    "name": null,
                    "ontologyproperty": "http://www.cidoc-crm.org/cidoc-crm/P2_has_type",
                    "rangenode_id": "d6976156-216e-11ee-a966-bfab10c4cd7b"
                },
                {
                    "description": null,
                    "domainnode_id": "f64da329-0b2e-11ec-ba15-0a9473e82189",
                    "edgeid": "f64da39f-0b2e-11ec-ba15-0a9473e82189",
                    "graph_id": "6dad61aa-b4b5-11ea-84f7-3af9d3b32b71",
                    "name": null,
                    "ontologyproperty": "http://www.cidoc-crm.org/cidoc-crm/P190_has_symbolic_content",
                    "rangenode_id": "f64da35e-0b2e-11ec-ba15-0a9473e82189"
                },
                {
                    "description": null,
                    "domainnode_id": "f64da329-0b2e-11ec-ba15-0a9473e82189",
                    "edgeid": "f64da3a7-0b2e-11ec-ba15-0a9473e82189",
                    "graph_id": "6dad61aa-b4b5-11ea-84f7-3af9d3b32b71",
                    "name": null,
                    "ontologyproperty": "http://www.w3.org/2000/01/rdf-schema#label",
                    "rangenode_id": "f64da368-0b2e-11ec-ba15-0a9473e82189"
                },
                {
                    "description": null,
                    "domainnode_id": "6dad5f66-b4b5-11ea-84f7-3af9d3b32b71",
                    "edgeid": "f64da3c4-0b2e-11ec-ba15-0a9473e82189",
                    "graph_id": "6dad61aa-b4b5-11ea-84f7-3af9d3b32b71",
                    "name": null,
                    "ontologyproperty": "http://www.cidoc-crm.org/cidoc-crm/P1_is_identified_by",
                    "rangenode_id": "f64da329-0b2e-11ec-ba15-0a9473e82189"
                }
            ],
            "functions_x_graphs": [
                {
                    "config": {
                        "description": {
                            "nodegroup_id": "1d421c92-bbd6-11ea-b6b2-3af9d3b32b71",
                            "string_template": "<statement_content>"
                        },
                        "descriptor_types": {
                            "description": {
                                "nodegroup_id": "1d421c92-bbd6-11ea-b6b2-3af9d3b32b71",
                                "string_template": "<statement>"
                            },
                            "map_popup": {
                                "nodegroup_id": "",
                                "string_template": ""
                            },
                            "name": {
                                "nodegroup_id": "ab2d016b-a6d5-11ed-9522-7d5311f38495",
                                "string_template": "<name_content>"
                            }
                        },
                        "map_popup": {
                            "nodegroup_id": "",
                            "string_template": ""
                        },
                        "name": {
                            "nodegroup_id": "1c7e9042-bbd6-11ea-b6b2-3af9d3b32b71",
                            "string_template": "<name_content>"
                        },
                        "triggering_nodegroups": []
                    },
                    "function_id": "60000000-0000-0000-0000-000000000001",
                    "graph_id": "6dad61aa-b4b5-11ea-84f7-3af9d3b32b71",
                    "id": "c6e38858-a50c-49ee-8905-d45195dd822e"
                }
            ],
            "graphid": "6dad61aa-b4b5-11ea-84f7-3af9d3b32b71",
            "iconclass": "fa fa-book",
            "is_editable": true,
            "isresource": true,
            "jsonldcontext": "https://linked.art/ns/v1/linked-art.json",
            "name": {
                "en": "Textual Work"
            },
            "nodegroups": [
                {
                    "cardinality": "n",
                    "legacygroupid": null,
                    "nodegroupid": "1d421968-bbd6-11ea-b6b2-3af9d3b32b71",
                    "parentnodegroup_id": "1d421c92-bbd6-11ea-b6b2-3af9d3b32b71"
                },
                {
                    "cardinality": "n",
                    "legacygroupid": null,
                    "nodegroupid": "1d421c92-bbd6-11ea-b6b2-3af9d3b32b71",
                    "parentnodegroup_id": null
                },
                {
                    "cardinality": "1",
                    "legacygroupid": null,
                    "nodegroupid": "1ed4a038-216e-11ee-a966-bfab10c4cd7b",
                    "parentnodegroup_id": null
                },
                {
                    "cardinality": "n",
                    "legacygroupid": null,
                    "nodegroupid": "ab2d016b-a6d5-11ed-9522-7d5311f38495",
                    "parentnodegroup_id": null
                },
                {
                    "cardinality": "n",
                    "legacygroupid": null,
                    "nodegroupid": "f64da329-0b2e-11ec-ba15-0a9473e82189",
                    "parentnodegroup_id": null
                }
            ],
            "nodes": [
                {
                    "alias": "statement_name",
                    "config": {},
                    "datatype": "semantic",
                    "description": "# Specific:\n\n\n# General:\nIt is strongly recommended that every resource that should be rendered to an end user have at least one name. Different types of name can be distinguished using classifications. See: https://linked.art/model/base/#names\n\n# Arches Note:\nIn Statement, this is not exposed to advanced search, as it is just a display label. The value of the statement's content is in Content.\n\n* BranchId: la-name\n* FieldId: \n",
                    "exportable": false,
                    "fieldname": null,
                    "graph_id": "6dad61aa-b4b5-11ea-84f7-3af9d3b32b71",
                    "hascustomalias": false,
                    "is_collector": true,
                    "isrequired": false,
                    "issearchable": true,
                    "istopnode": false,
                    "name": "statement_name",
                    "nodegroup_id": "1d421968-bbd6-11ea-b6b2-3af9d3b32b71",
                    "nodeid": "1d421968-bbd6-11ea-b6b2-3af9d3b32b71",
                    "ontologyclass": "http://www.cidoc-crm.org/cidoc-crm/E33_E41_Linguistic_Appellation",
                    "parentproperty": "http://www.cidoc-crm.org/cidoc-crm/P1_is_identified_by",
                    "sortorder": 0,
                    "sourcebranchpublication_id": null
                },
                {
                    "alias": "statement",
                    "config": {},
                    "datatype": "semantic",
                    "description": "# Specific:\n\n\n# General:\nIn many cases, current data does not support the level of specificity that the full ontology allows, or the information is simply best expressed in human-readable form. For example, instead of a completely modeled set of parts with materials, many museum collection management systems allow only a single human-readable string for the \"medium\" or \"materials statement\".  Any time that there is a description of the resource, with or without qualification as to the type of description, then this branch can be used to record the descriptive text. See: https://linked.art/model/base/#statements-about-a-resource\n\n# Arches Note:\n\n\n* BranchId: la-statement\n* FieldId: \n",
                    "exportable": false,
                    "fieldname": null,
                    "graph_id": "6dad61aa-b4b5-11ea-84f7-3af9d3b32b71",
                    "hascustomalias": false,
                    "is_collector": true,
                    "isrequired": false,
                    "issearchable": true,
                    "istopnode": false,
                    "name": "statement",
                    "nodegroup_id": "1d421c92-bbd6-11ea-b6b2-3af9d3b32b71",
                    "nodeid": "1d421c92-bbd6-11ea-b6b2-3af9d3b32b71",
                    "ontologyclass": "http://www.cidoc-crm.org/cidoc-crm/E33_Linguistic_Object",
                    "parentproperty": "http://www.cidoc-crm.org/cidoc-crm/P67i_is_referred_to_by",
                    "sortorder": 0,
                    "sourcebranchpublication_id": null
                },
                {
                    "alias": "statement_content",
                    "config": {},
                    "datatype": "string",
                    "description": "# Specific:\n\n\n# General:\nThis field records the string content of the statement.\n\n# Arches Note:\n\n\n* BranchId: \n* FieldId: \n",
                    "exportable": false,
                    "fieldname": null,
                    "graph_id": "6dad61aa-b4b5-11ea-84f7-3af9d3b32b71",
                    "hascustomalias": false,
                    "is_collector": false,
                    "isrequired": true,
                    "issearchable": true,
                    "istopnode": false,
                    "name": "statement_content",
                    "nodegroup_id": "1d421c92-bbd6-11ea-b6b2-3af9d3b32b71",
                    "nodeid": "1d421efe-bbd6-11ea-b6b2-3af9d3b32b71",
                    "ontologyclass": "http://www.w3.org/2001/XMLSchema#string",
                    "parentproperty": "http://www.cidoc-crm.org/cidoc-crm/P190_has_symbolic_content",
                    "sortorder": 0,
                    "sourcebranchpublication_id": null
                },
                {
                    "alias": "statement_name_content",
                    "config": {},
                    "datatype": "string",
                    "description": "# Specific:\n\n\n# General:\nThe string value of the full name.\n\n# Arches Note:\n\n\n* BranchId: la-name-content\n* FieldId: \n",
                    "exportable": false,
                    "fieldname": null,
                    "graph_id": "6dad61aa-b4b5-11ea-84f7-3af9d3b32b71",
                    "hascustomalias": false,
                    "is_collector": false,
                    "isrequired": true,
                    "issearchable": false,
                    "istopnode": false,
                    "name": "statement_name_content",
                    "nodegroup_id": "1d421968-bbd6-11ea-b6b2-3af9d3b32b71",
                    "nodeid": "1d42208e-bbd6-11ea-b6b2-3af9d3b32b71",
                    "ontologyclass": "http://www.w3.org/2001/XMLSchema#string",
                    "parentproperty": "http://www.cidoc-crm.org/cidoc-crm/P190_has_symbolic_content",
                    "sortorder": 0,
                    "sourcebranchpublication_id": null
                },
                {
                    "alias": "statement_name_label",
                    "config": {},
                    "datatype": "string",
                    "description": "# Specific:\n\n\n# General:\nEvery node should have a _label that provides a human-readable summary label for the node. This is intended not for end users, but for developers looking at the data. See:  https://linked.art/model/base/#core-properties\n\n# Arches Note:\n\n\n* BranchId: la-label\n* FieldId: \n",
                    "exportable": false,
                    "fieldname": null,
                    "graph_id": "6dad61aa-b4b5-11ea-84f7-3af9d3b32b71",
                    "hascustomalias": false,
                    "is_collector": false,
                    "isrequired": false,
                    "issearchable": false,
                    "istopnode": false,
                    "name": "statement_name_label",
                    "nodegroup_id": "1d421968-bbd6-11ea-b6b2-3af9d3b32b71",
                    "nodeid": "1d42228c-bbd6-11ea-b6b2-3af9d3b32b71",
                    "ontologyclass": "http://www.w3.org/2001/XMLSchema#string",
                    "parentproperty": "http://www.w3.org/2000/01/rdf-schema#label",
                    "sortorder": 0,
                    "sourcebranchpublication_id": null
                },
                {
                    "alias": "statement_label",
                    "config": {},
                    "datatype": "string",
                    "description": "# Specific:\n\n\n# General:\nEvery node should have a _label that provides a human-readable summary label for the node. This is intended not for end users, but for developers looking at the data. See:  https://linked.art/model/base/#core-properties\n\n# Arches Note:\n\n\n* BranchId: la-label\n* FieldId: \n",
                    "exportable": false,
                    "fieldname": null,
                    "graph_id": "6dad61aa-b4b5-11ea-84f7-3af9d3b32b71",
                    "hascustomalias": false,
                    "is_collector": false,
                    "isrequired": false,
                    "issearchable": false,
                    "istopnode": false,
                    "name": "statement_label",
                    "nodegroup_id": "1d421c92-bbd6-11ea-b6b2-3af9d3b32b71",
                    "nodeid": "1d422336-bbd6-11ea-b6b2-3af9d3b32b71",
                    "ontologyclass": "http://www.w3.org/2001/XMLSchema#string",
                    "parentproperty": "http://www.w3.org/2000/01/rdf-schema#label",
                    "sortorder": 0,
                    "sourcebranchpublication_id": null
                },
                {
                    "alias": "type",
                    "config": {
                        "graphs": [
                            {
                                "graphid": "aac34849-19a2-11ee-8f04-cd21e680a247",
                                "name": "Concept "
                            }
                        ],
                        "searchDsl": "",
                        "searchString": ""
                    },
                    "datatype": "resource-instance-list",
                    "description": null,
                    "exportable": false,
                    "fieldname": null,
                    "graph_id": "6dad61aa-b4b5-11ea-84f7-3af9d3b32b71",
                    "hascustomalias": false,
                    "is_collector": true,
                    "isrequired": false,
                    "issearchable": true,
                    "istopnode": false,
                    "name": "type",
                    "nodegroup_id": "1ed4a038-216e-11ee-a966-bfab10c4cd7b",
                    "nodeid": "1ed4a038-216e-11ee-a966-bfab10c4cd7b",
                    "ontologyclass": "http://www.cidoc-crm.org/cidoc-crm/E55_Type",
                    "parentproperty": "http://www.cidoc-crm.org/cidoc-crm/P2_has_type",
                    "sortorder": 0,
                    "sourcebranchpublication_id": null
                },
                {
                    "alias": "type_metatype",
                    "config": {
                        "graphs": [
                            {
                                "graphid": "aac34849-19a2-11ee-8f04-cd21e680a247",
                                "name": "Concept "
                            }
                        ],
                        "searchDsl": "",
                        "searchString": ""
                    },
                    "datatype": "resource-instance-list",
                    "description": null,
                    "exportable": false,
                    "fieldname": null,
                    "graph_id": "6dad61aa-b4b5-11ea-84f7-3af9d3b32b71",
                    "hascustomalias": false,
                    "is_collector": false,
                    "isrequired": false,
                    "issearchable": true,
                    "istopnode": false,
                    "name": "type_metatype",
                    "nodegroup_id": "1ed4a038-216e-11ee-a966-bfab10c4cd7b",
                    "nodeid": "2b9957dc-216e-11ee-a966-bfab10c4cd7b",
                    "ontologyclass": "http://www.cidoc-crm.org/cidoc-crm/E55_Type",
                    "parentproperty": "http://www.cidoc-crm.org/cidoc-crm/P2_has_type",
                    "sortorder": 0,
                    "sourcebranchpublication_id": null
                },
                {
                    "alias": "textual_work",
                    "config": {},
                    "datatype": "semantic",
                    "description": "# Specific:\n\n\n# General:\n\n\n# Arches Note:\n\n\n* BranchId: \n* FieldId: \n",
                    "exportable": false,
                    "fieldname": null,
                    "graph_id": "6dad61aa-b4b5-11ea-84f7-3af9d3b32b71",
                    "hascustomalias": false,
                    "is_collector": false,
                    "isrequired": false,
                    "issearchable": true,
                    "istopnode": true,
                    "name": "Textual Work",
                    "nodegroup_id": null,
                    "nodeid": "6dad5f66-b4b5-11ea-84f7-3af9d3b32b71",
                    "ontologyclass": "http://www.cidoc-crm.org/cidoc-crm/E33_Linguistic_Object",
                    "parentproperty": "",
                    "sortorder": 0,
                    "sourcebranchpublication_id": null
                },
                {
                    "alias": "statement_language",
                    "config": {
                        "graphs": [
                            {
                                "graphid": "aac34849-19a2-11ee-8f04-cd21e680a247",
                                "name": "Concept "
                            }
                        ],
                        "searchDsl": "",
                        "searchString": ""
                    },
                    "datatype": "resource-instance-list",
                    "description": null,
                    "exportable": false,
                    "fieldname": null,
                    "graph_id": "6dad61aa-b4b5-11ea-84f7-3af9d3b32b71",
                    "hascustomalias": false,
                    "is_collector": false,
                    "isrequired": false,
                    "issearchable": true,
                    "istopnode": false,
                    "name": "statement_language",
                    "nodegroup_id": "1d421c92-bbd6-11ea-b6b2-3af9d3b32b71",
                    "nodeid": "85339fa0-216e-11ee-a966-bfab10c4cd7b",
                    "ontologyclass": "http://www.cidoc-crm.org/cidoc-crm/E56_Language",
                    "parentproperty": "http://www.cidoc-crm.org/cidoc-crm/P72_has_language",
                    "sortorder": 0,
                    "sourcebranchpublication_id": null
                },
                {
                    "alias": "statement_type",
                    "config": {
                        "graphs": [
                            {
                                "graphid": "aac34849-19a2-11ee-8f04-cd21e680a247",
                                "name": "Concept "
                            }
                        ],
                        "searchDsl": "",
                        "searchString": ""
                    },
                    "datatype": "resource-instance-list",
                    "description": null,
                    "exportable": false,
                    "fieldname": null,
                    "graph_id": "6dad61aa-b4b5-11ea-84f7-3af9d3b32b71",
                    "hascustomalias": false,
                    "is_collector": false,
                    "isrequired": false,
                    "issearchable": true,
                    "istopnode": false,
                    "name": "statement_type",
                    "nodegroup_id": "1d421c92-bbd6-11ea-b6b2-3af9d3b32b71",
                    "nodeid": "917aa092-216e-11ee-a966-bfab10c4cd7b",
                    "ontologyclass": "http://www.cidoc-crm.org/cidoc-crm/E55_Type",
                    "parentproperty": "http://www.cidoc-crm.org/cidoc-crm/P2_has_type",
                    "sortorder": 0,
                    "sourcebranchpublication_id": null
                },
                {
                    "alias": "statement_type_metatype",
                    "config": {
                        "graphs": [
                            {
                                "graphid": "aac34849-19a2-11ee-8f04-cd21e680a247",
                                "name": "Concept "
                            }
                        ],
                        "searchDsl": "",
                        "searchString": ""
                    },
                    "datatype": "resource-instance-list",
                    "description": null,
                    "exportable": false,
                    "fieldname": null,
                    "graph_id": "6dad61aa-b4b5-11ea-84f7-3af9d3b32b71",
                    "hascustomalias": false,
                    "is_collector": false,
                    "isrequired": false,
                    "issearchable": true,
                    "istopnode": false,
                    "name": "statement_type_metatype",
                    "nodegroup_id": "1d421c92-bbd6-11ea-b6b2-3af9d3b32b71",
                    "nodeid": "9a3eca14-216e-11ee-a966-bfab10c4cd7b",
                    "ontologyclass": "http://www.cidoc-crm.org/cidoc-crm/E55_Type",
                    "parentproperty": "http://www.cidoc-crm.org/cidoc-crm/P2_has_type",
                    "sortorder": 0,
                    "sourcebranchpublication_id": null
                },
                {
                    "alias": "name_language",
                    "config": {
                        "graphs": [
                            {
                                "graphid": "aac34849-19a2-11ee-8f04-cd21e680a247",
                                "name": "Concept "
                            }
                        ],
                        "searchDsl": "",
                        "searchString": ""
                    },
                    "datatype": "resource-instance-list",
                    "description": null,
                    "exportable": false,
                    "fieldname": null,
                    "graph_id": "6dad61aa-b4b5-11ea-84f7-3af9d3b32b71",
                    "hascustomalias": false,
                    "is_collector": false,
                    "isrequired": false,
                    "issearchable": true,
                    "istopnode": false,
                    "name": "name_language",
                    "nodegroup_id": "ab2d016b-a6d5-11ed-9522-7d5311f38495",
                    "nodeid": "a21471a6-2170-11ee-a966-bfab10c4cd7b",
                    "ontologyclass": "http://www.cidoc-crm.org/cidoc-crm/E56_Language",
                    "parentproperty": "http://www.cidoc-crm.org/cidoc-crm/P72_has_language",
                    "sortorder": 0,
                    "sourcebranchpublication_id": null
                },
                {
                    "alias": "name",
                    "config": {},
                    "datatype": "semantic",
                    "description": "* Collection_id: LAP.1_Name\n* Field_id:\n* Category_id: CAT.1_Names_and_Classifications",
                    "exportable": false,
                    "fieldname": null,
                    "graph_id": "6dad61aa-b4b5-11ea-84f7-3af9d3b32b71",
                    "hascustomalias": false,
                    "is_collector": true,
                    "isrequired": false,
                    "issearchable": true,
                    "istopnode": false,
                    "name": "name",
                    "nodegroup_id": "ab2d016b-a6d5-11ed-9522-7d5311f38495",
                    "nodeid": "ab2d016b-a6d5-11ed-9522-7d5311f38495",
                    "ontologyclass": "http://www.cidoc-crm.org/cidoc-crm/E33_E41_Linguistic_Appellation",
                    "parentproperty": "http://www.cidoc-crm.org/cidoc-crm/P106i_forms_part_of",
                    "sortorder": 0,
                    "sourcebranchpublication_id": null
                },
                {
                    "alias": "name_label",
                    "config": {},
                    "datatype": "string",
                    "description": "* Collection_id: LAP.1_Name\n* Field_id: LAF.4_name_label\n* Category_id: CAT.1_Names_and_Classifications\n\n",
                    "exportable": false,
                    "fieldname": null,
                    "graph_id": "6dad61aa-b4b5-11ea-84f7-3af9d3b32b71",
                    "hascustomalias": false,
                    "is_collector": false,
                    "isrequired": false,
                    "issearchable": false,
                    "istopnode": false,
                    "name": "name_label",
                    "nodegroup_id": "ab2d016b-a6d5-11ed-9522-7d5311f38495",
                    "nodeid": "ab2d016e-a6d5-11ed-9522-7d5311f38495",
                    "ontologyclass": "http://www.w3.org/2001/XMLSchema#string",
                    "parentproperty": "http://www.w3.org/2000/01/rdf-schema#label",
                    "sortorder": 0,
                    "sourcebranchpublication_id": null
                },
                {
                    "alias": "name_content",
                    "config": {},
                    "datatype": "string",
                    "description": "* Collection_id: LAP.1_Name\n* Field_id: LAF.6_name_content\n* Category_id: CAT.1_Names_and_Classifications",
                    "exportable": false,
                    "fieldname": null,
                    "graph_id": "6dad61aa-b4b5-11ea-84f7-3af9d3b32b71",
                    "hascustomalias": false,
                    "is_collector": false,
                    "isrequired": false,
                    "issearchable": true,
                    "istopnode": false,
                    "name": "name_content",
                    "nodegroup_id": "ab2d016b-a6d5-11ed-9522-7d5311f38495",
                    "nodeid": "ab2d0170-a6d5-11ed-9522-7d5311f38495",
                    "ontologyclass": "http://www.w3.org/2001/XMLSchema#string",
                    "parentproperty": "http://www.cidoc-crm.org/cidoc-crm/P190_has_symbolic_content",
                    "sortorder": 0,
                    "sourcebranchpublication_id": null
                },
                {
                    "alias": "name_type",
                    "config": {
                        "graphs": [
                            {
                                "graphid": "aac34849-19a2-11ee-8f04-cd21e680a247",
                                "name": "Concept "
                            }
                        ],
                        "searchDsl": "",
                        "searchString": ""
                    },
                    "datatype": "resource-instance-list",
                    "description": null,
                    "exportable": false,
                    "fieldname": null,
                    "graph_id": "6dad61aa-b4b5-11ea-84f7-3af9d3b32b71",
                    "hascustomalias": false,
                    "is_collector": false,
                    "isrequired": false,
                    "issearchable": true,
                    "istopnode": false,
                    "name": "name_type",
                    "nodegroup_id": "ab2d016b-a6d5-11ed-9522-7d5311f38495",
                    "nodeid": "ab7c97c8-2170-11ee-a966-bfab10c4cd7b",
                    "ontologyclass": "http://www.cidoc-crm.org/cidoc-crm/E55_Type",
                    "parentproperty": "http://www.cidoc-crm.org/cidoc-crm/P2_has_type",
                    "sortorder": 0,
                    "sourcebranchpublication_id": null
                },
                {
                    "alias": "statement_name_type",
                    "config": {
                        "graphs": [
                            {
                                "graphid": "aac34849-19a2-11ee-8f04-cd21e680a247",
                                "name": "Concept "
                            }
                        ],
                        "searchDsl": "",
                        "searchString": ""
                    },
                    "datatype": "resource-instance-list",
                    "description": null,
                    "exportable": false,
                    "fieldname": null,
                    "graph_id": "6dad61aa-b4b5-11ea-84f7-3af9d3b32b71",
                    "hascustomalias": false,
                    "is_collector": false,
                    "isrequired": false,
                    "issearchable": true,
                    "istopnode": false,
                    "name": "statement_name_type",
                    "nodegroup_id": "1d421968-bbd6-11ea-b6b2-3af9d3b32b71",
                    "nodeid": "b4893706-216e-11ee-a966-bfab10c4cd7b",
                    "ontologyclass": "http://www.cidoc-crm.org/cidoc-crm/E55_Type",
                    "parentproperty": "http://www.cidoc-crm.org/cidoc-crm/P2_has_type",
                    "sortorder": 0,
                    "sourcebranchpublication_id": null
                },
                {
                    "alias": "statement_name_language",
                    "config": {
                        "graphs": [
                            {
                                "graphid": "aac34849-19a2-11ee-8f04-cd21e680a247",
                                "name": "Concept "
                            }
                        ],
                        "searchDsl": "",
                        "searchString": ""
                    },
                    "datatype": "resource-instance-list",
                    "description": null,
                    "exportable": false,
                    "fieldname": null,
                    "graph_id": "6dad61aa-b4b5-11ea-84f7-3af9d3b32b71",
                    "hascustomalias": false,
                    "is_collector": false,
                    "isrequired": false,
                    "issearchable": true,
                    "istopnode": false,
                    "name": "statement_name_language",
                    "nodegroup_id": "1d421968-bbd6-11ea-b6b2-3af9d3b32b71",
                    "nodeid": "c0794af6-216e-11ee-a966-bfab10c4cd7b",
                    "ontologyclass": "http://www.cidoc-crm.org/cidoc-crm/E56_Language",
                    "parentproperty": "http://www.cidoc-crm.org/cidoc-crm/P72_has_language",
                    "sortorder": 0,
                    "sourcebranchpublication_id": null
                },
                {
                    "alias": "identifier_type",
                    "config": {
                        "graphs": [
                            {
                                "graphid": "aac34849-19a2-11ee-8f04-cd21e680a247",
                                "name": "Concept "
                            }
                        ],
                        "searchDsl": "",
                        "searchString": ""
                    },
                    "datatype": "resource-instance-list",
                    "description": null,
                    "exportable": false,
                    "fieldname": null,
                    "graph_id": "6dad61aa-b4b5-11ea-84f7-3af9d3b32b71",
                    "hascustomalias": false,
                    "is_collector": false,
                    "isrequired": false,
                    "issearchable": true,
                    "istopnode": false,
                    "name": "identifier_type",
                    "nodegroup_id": "f64da329-0b2e-11ec-ba15-0a9473e82189",
                    "nodeid": "d6976156-216e-11ee-a966-bfab10c4cd7b",
                    "ontologyclass": "http://www.cidoc-crm.org/cidoc-crm/E55_Type",
                    "parentproperty": "http://www.cidoc-crm.org/cidoc-crm/P2_has_type",
                    "sortorder": 0,
                    "sourcebranchpublication_id": null
                },
                {
                    "alias": "identifier",
                    "config": {},
                    "datatype": "semantic",
                    "description": "",
                    "exportable": false,
                    "fieldname": null,
                    "graph_id": "6dad61aa-b4b5-11ea-84f7-3af9d3b32b71",
                    "hascustomalias": false,
                    "is_collector": true,
                    "isrequired": false,
                    "issearchable": true,
                    "istopnode": false,
                    "name": "identifier",
                    "nodegroup_id": "f64da329-0b2e-11ec-ba15-0a9473e82189",
                    "nodeid": "f64da329-0b2e-11ec-ba15-0a9473e82189",
                    "ontologyclass": "http://www.cidoc-crm.org/cidoc-crm/E42_Identifier",
                    "parentproperty": "http://www.cidoc-crm.org/cidoc-crm/P1_is_identified_by",
                    "sortorder": 0,
                    "sourcebranchpublication_id": null
                },
                {
                    "alias": "identifier_content",
                    "config": {},
                    "datatype": "string",
                    "description": "* Collection_id: LAP.2_Identifier\n* Field_id: LAF.10_identifier_content\n* Category_id: CAT.1_Names_and_Classifications",
                    "exportable": false,
                    "fieldname": null,
                    "graph_id": "6dad61aa-b4b5-11ea-84f7-3af9d3b32b71",
                    "hascustomalias": false,
                    "is_collector": false,
                    "isrequired": true,
                    "issearchable": true,
                    "istopnode": false,
                    "name": "identifier_content",
                    "nodegroup_id": "f64da329-0b2e-11ec-ba15-0a9473e82189",
                    "nodeid": "f64da35e-0b2e-11ec-ba15-0a9473e82189",
                    "ontologyclass": "http://www.w3.org/2001/XMLSchema#string",
                    "parentproperty": "http://www.cidoc-crm.org/cidoc-crm/P190_has_symbolic_content",
                    "sortorder": 0,
                    "sourcebranchpublication_id": null
                },
                {
                    "alias": "identifier_label",
                    "config": {},
                    "datatype": "string",
                    "description": "* Collection_id: LAP.2_Identifier\n* Field_id: LAF.8_identifier_label\n* Category_id: CAT.1_Names_and_Classifications",
                    "exportable": false,
                    "fieldname": null,
                    "graph_id": "6dad61aa-b4b5-11ea-84f7-3af9d3b32b71",
                    "hascustomalias": false,
                    "is_collector": false,
                    "isrequired": false,
                    "issearchable": false,
                    "istopnode": false,
                    "name": "identifier_label",
                    "nodegroup_id": "f64da329-0b2e-11ec-ba15-0a9473e82189",
                    "nodeid": "f64da368-0b2e-11ec-ba15-0a9473e82189",
                    "ontologyclass": "http://www.w3.org/2001/XMLSchema#string",
                    "parentproperty": "http://www.w3.org/2000/01/rdf-schema#label",
                    "sortorder": 0,
                    "sourcebranchpublication_id": null
                }
            ],
            "ontology_id": "0b1f5462-faa7-11e9-8f09-3af9d3b32b71",
            "publication": {
                "graph_id": "6dad61aa-b4b5-11ea-84f7-3af9d3b32b71",
                "notes": null,
                "publicationid": "0a41cf18-24bd-11ee-bf11-acde48001122",
                "published_time": "2023-07-17T11:14:43.456"
            },
            "relatable_resource_model_ids": [],
            "resource_2_resource_constraints": [],
            "root": {
                "alias": "textual_work",
                "config": {},
                "datatype": "semantic",
                "description": "# Specific:\n\n\n# General:\n\n\n# Arches Note:\n\n\n* BranchId: \n* FieldId: \n",
                "exportable": false,
                "fieldname": null,
                "graph_id": "6dad61aa-b4b5-11ea-84f7-3af9d3b32b71",
                "hascustomalias": false,
                "is_collector": false,
                "isrequired": false,
                "issearchable": true,
                "istopnode": true,
                "name": "Textual Work",
                "nodegroup_id": null,
                "nodeid": "6dad5f66-b4b5-11ea-84f7-3af9d3b32b71",
                "ontologyclass": "http://www.cidoc-crm.org/cidoc-crm/E33_Linguistic_Object",
                "sortorder": 0,
                "sourcebranchpublication_id": null
            },
            "slug": "textual_work",
            "subtitle": {
                "en": "The textual content of a work, separate from any physical carrier"
            },
            "template_id": "50000000-0000-0000-0000-000000000001",
            "version": ""
        }
    ]
}