{
    "graph": [
        {
            "author": " ",
            "cards": [
                {
                    "active": true,
                    "cardid": "84bc04f3-1a65-11ee-8f04-cd21e680a247",
                    "component_id": "f05e4d3a-53c1-11e8-b0ea-784f435179ea",
                    "config": null,
                    "constraints": [],
                    "cssclass": "bigger",
                    "description": {
                        "en": "* Collection_id: LAP.1_Name\n* Field_id:\n* Category_id: CAT.1_Names_and_Classifications"
                    },
                    "graph_id": "711319e9-1a65-11ee-8f04-cd21e680a247",
                    "helpenabled": false,
                    "helptext": {
                        "en": null
                    },
                    "helptitle": {
                        "en": null
                    },
                    "instructions": {
                        "en": null
                    },
                    "is_editable": true,
                    "name": {
                        "en": "Name"
                    },
                    "nodegroup_id": "84bc04f1-1a65-11ee-8f04-cd21e680a247",
                    "sortorder": 0,
                    "visible": true
                },
                {
                    "active": true,
                    "cardid": "8608d95d-1a65-11ee-8f04-cd21e680a247",
                    "component_id": "f05e4d3a-53c1-11e8-b0ea-784f435179ea",
                    "config": null,
                    "constraints": [],
                    "cssclass": "big",
                    "description": {
                        "en": "* Collection_id: \n* Field_id: \n* Category_id: CAT.1_Names_and_Classifications"
                    },
                    "graph_id": "711319e9-1a65-11ee-8f04-cd21e680a247",
                    "helpenabled": false,
                    "helptext": {
                        "en": null
                    },
                    "helptitle": {
                        "en": null
                    },
                    "instructions": {
                        "en": null
                    },
                    "is_editable": true,
                    "name": {
                        "en": "Identifier"
                    },
                    "nodegroup_id": "8608d95b-1a65-11ee-8f04-cd21e680a247",
                    "sortorder": 1,
                    "visible": true
                },
                {
                    "active": true,
                    "cardid": "8730f1f3-1a65-11ee-8f04-cd21e680a247",
                    "component_id": "f05e4d3a-53c1-11e8-b0ea-784f435179ea",
                    "config": null,
                    "constraints": [],
                    "cssclass": null,
                    "description": {
                        "en": "It is strongly recommended that every resource that should be rendered to an end user have at least one name.\nDifferent types of name can be distinguished using classifications.\nSee: https://linked.art/model/base/#names\n\nArches note: This node's content should be the value for the title descriptor function, when used for a resource model."
                    },
                    "graph_id": "711319e9-1a65-11ee-8f04-cd21e680a247",
                    "helpenabled": false,
                    "helptext": {
                        "en": null
                    },
                    "helptitle": {
                        "en": null
                    },
                    "instructions": {
                        "en": null
                    },
                    "is_editable": true,
                    "name": {
                        "en": "Statement Name"
                    },
                    "nodegroup_id": "8730f1f1-1a65-11ee-8f04-cd21e680a247",
                    "sortorder": 1,
                    "visible": true
                },
                {
                    "active": true,
                    "cardid": "8730f1f6-1a65-11ee-8f04-cd21e680a247",
                    "component_id": "f05e4d3a-53c1-11e8-b0ea-784f435179ea",
                    "config": null,
                    "constraints": [],
                    "cssclass": "big",
                    "description": {
                        "en": "* Collection_id: \n* Field_id: \n* Category_id: CAT.4_Description"
                    },
                    "graph_id": "711319e9-1a65-11ee-8f04-cd21e680a247",
                    "helpenabled": false,
                    "helptext": {
                        "en": null
                    },
                    "helptitle": {
                        "en": null
                    },
                    "instructions": {
                        "en": null
                    },
                    "is_editable": true,
                    "name": {
                        "en": "Statement"
                    },
                    "nodegroup_id": "8730f1f4-1a65-11ee-8f04-cd21e680a247",
                    "sortorder": 3,
                    "visible": true
                },
                {
                    "active": true,
                    "cardid": "a090a3c0-216a-11ee-a966-bfab10c4cd7b",
                    "component_id": "f05e4d3a-53c1-11e8-b0ea-784f435179ea",
                    "config": null,
                    "constraints": [],
                    "cssclass": null,
                    "description": null,
                    "graph_id": "711319e9-1a65-11ee-8f04-cd21e680a247",
                    "helpenabled": false,
                    "helptext": {
                        "en": null
                    },
                    "helptitle": {
                        "en": null
                    },
                    "instructions": {
                        "en": null
                    },
                    "is_editable": true,
                    "name": {
                        "en": "Type"
                    },
                    "nodegroup_id": "a090a3be-216a-11ee-a966-bfab10c4cd7b",
                    "sortorder": 2,
                    "visible": true
                }
            ],
            "cards_x_nodes_x_widgets": [
                {
                    "card_id": "84bc04f3-1a65-11ee-8f04-cd21e680a247",
                    "config": {
                        "defaultResourceInstance": [],
                        "i18n_properties": [
                            "placeholder"
                        ],
                        "label": "Name Type",
                        "placeholder": {
                            "en": ""
                        }
                    },
                    "id": "77248cd8-2172-11ee-a966-bfab10c4cd7b",
                    "label": {
                        "en": "Name Type"
                    },
                    "node_id": "cdff7456-216a-11ee-a966-bfab10c4cd7b",
                    "sortorder": null,
                    "visible": true,
                    "widget_id": "ff3c400a-76ec-11e7-a793-784f435179ea"
                },
                {
                    "card_id": "84bc04f3-1a65-11ee-8f04-cd21e680a247",
                    "config": {
                        "defaultResourceInstance": [],
                        "i18n_properties": [
                            "placeholder"
                        ],
                        "label": "Name Language",
                        "placeholder": {
                            "en": ""
                        }
                    },
                    "id": "77248cda-2172-11ee-a966-bfab10c4cd7b",
                    "label": {
                        "en": "Name Language"
                    },
                    "node_id": "e0a76758-216a-11ee-a966-bfab10c4cd7b",
                    "sortorder": null,
                    "visible": true,
                    "widget_id": "ff3c400a-76ec-11e7-a793-784f435179ea"
                },
                {
                    "card_id": "8608d95d-1a65-11ee-8f04-cd21e680a247",
                    "config": {
                        "defaultResourceInstance": [],
                        "i18n_properties": [
                            "placeholder"
                        ],
                        "label": "Identifier Type",
                        "placeholder": {
                            "en": ""
                        }
                    },
                    "id": "841ebd5a-2172-11ee-a966-bfab10c4cd7b",
                    "label": {
                        "en": "Identifier Type"
                    },
                    "node_id": "b8e989a8-216a-11ee-a966-bfab10c4cd7b",
                    "sortorder": null,
                    "visible": true,
                    "widget_id": "ff3c400a-76ec-11e7-a793-784f435179ea"
                },
                {
                    "card_id": "84bc04f3-1a65-11ee-8f04-cd21e680a247",
                    "config": {
                        "defaultValue": {
                            "en": {
                                "direction": "ltr",
                                "value": null
                            }
                        },
                        "i18n_properties": [
                            "placeholder"
                        ],
                        "label": "Name",
                        "maxLength": null,
                        "placeholder": {
                            "en": "Enter text"
                        },
                        "uneditable": false,
                        "width": "100%"
                    },
                    "id": "84bc04f8-1a65-11ee-8f04-cd21e680a247",
                    "label": {
                        "en": "Name"
                    },
                    "node_id": "84bc04f6-1a65-11ee-8f04-cd21e680a247",
                    "sortorder": 0,
                    "visible": true,
                    "widget_id": "10000000-0000-0000-0000-000000000001"
                },
                {
                    "card_id": "84bc04f3-1a65-11ee-8f04-cd21e680a247",
                    "config": {
                        "defaultValue": {
                            "en": {
                                "direction": "ltr",
                                "value": null
                            }
                        },
                        "i18n_properties": [
                            "placeholder"
                        ],
                        "label": "Name Label",
                        "maxLength": null,
                        "placeholder": {
                            "en": "Enter text"
                        },
                        "uneditable": false,
                        "width": "100%"
                    },
                    "id": "84bc04fa-1a65-11ee-8f04-cd21e680a247",
                    "label": {
                        "en": "Name Label"
                    },
                    "node_id": "84bc04f4-1a65-11ee-8f04-cd21e680a247",
                    "sortorder": 3,
                    "visible": false,
                    "widget_id": "10000000-0000-0000-0000-000000000001"
                },
                {
                    "card_id": "8608d95d-1a65-11ee-8f04-cd21e680a247",
                    "config": {
                        "defaultValue": {
                            "en": {
                                "direction": "ltr",
                                "value": ""
                            }
                        },
                        "i18n_properties": [
                            "placeholder"
                        ],
                        "label": "Identifier",
                        "maxLength": null,
                        "placeholder": {
                            "en": "Enter text"
                        },
                        "uneditable": false,
                        "width": "100%"
                    },
                    "id": "8608d961-1a65-11ee-8f04-cd21e680a247",
                    "label": {
                        "en": "Identifier"
                    },
                    "node_id": "8608d95f-1a65-11ee-8f04-cd21e680a247",
                    "sortorder": 0,
                    "visible": true,
                    "widget_id": "10000000-0000-0000-0000-000000000001"
                },
                {
                    "card_id": "8608d95d-1a65-11ee-8f04-cd21e680a247",
                    "config": {
                        "defaultValue": {
                            "en": {
                                "direction": "ltr",
                                "value": null
                            }
                        },
                        "i18n_properties": [
                            "placeholder"
                        ],
                        "label": "Identifier Label",
                        "maxLength": null,
                        "placeholder": {
                            "en": "Enter text"
                        },
                        "uneditable": false,
                        "width": "100%"
                    },
                    "id": "8608d963-1a65-11ee-8f04-cd21e680a247",
                    "label": {
                        "en": "Identifier Label"
                    },
                    "node_id": "8608d95e-1a65-11ee-8f04-cd21e680a247",
                    "sortorder": 2,
                    "visible": false,
                    "widget_id": "10000000-0000-0000-0000-000000000001"
                },
                {
                    "card_id": "8730f1f3-1a65-11ee-8f04-cd21e680a247",
                    "config": {
                        "defaultValue": {
                            "en": {
                                "direction": "ltr",
                                "value": null
                            }
                        },
                        "i18n_properties": [
                            "placeholder"
                        ],
                        "label": "Name",
                        "maxLength": null,
                        "placeholder": {
                            "en": "Enter text"
                        },
                        "uneditable": false,
                        "width": "100%"
                    },
                    "id": "8730f201-1a65-11ee-8f04-cd21e680a247",
                    "label": {
                        "en": "Name"
                    },
                    "node_id": "8730f1fd-1a65-11ee-8f04-cd21e680a247",
                    "sortorder": 0,
                    "visible": true,
                    "widget_id": "10000000-0000-0000-0000-000000000001"
                },
                {
                    "card_id": "8730f1f3-1a65-11ee-8f04-cd21e680a247",
                    "config": {
                        "defaultValue": {
                            "en": {
                                "direction": "ltr",
                                "value": ""
                            }
                        },
                        "i18n_properties": [
                            "placeholder"
                        ],
                        "label": "Name Label",
                        "maxLength": null,
                        "placeholder": {
                            "en": "Enter text"
                        },
                        "uneditable": false,
                        "width": "100%"
                    },
                    "id": "8730f202-1a65-11ee-8f04-cd21e680a247",
                    "label": {
                        "en": "Name Label"
                    },
                    "node_id": "8730f1fc-1a65-11ee-8f04-cd21e680a247",
                    "sortorder": 3,
                    "visible": false,
                    "widget_id": "10000000-0000-0000-0000-000000000001"
                },
                {
                    "card_id": "8730f1f6-1a65-11ee-8f04-cd21e680a247",
                    "config": {
                        "defaultValue": {
                            "en": {
                                "direction": "ltr",
                                "value": ""
                            }
                        },
                        "i18n_properties": [
                            "placeholder"
                        ],
                        "label": "Statement",
                        "maxLength": null,
                        "placeholder": {
                            "en": "Enter text"
                        },
                        "uneditable": false,
                        "width": "100%"
                    },
                    "id": "8730f206-1a65-11ee-8f04-cd21e680a247",
                    "label": {
                        "en": "Statement"
                    },
                    "node_id": "8730f1f8-1a65-11ee-8f04-cd21e680a247",
                    "sortorder": 0,
                    "visible": true,
                    "widget_id": "10000000-0000-0000-0000-000000000005"
                },
                {
                    "card_id": "8730f1f6-1a65-11ee-8f04-cd21e680a247",
                    "config": {
                        "defaultValue": {
                            "en": {
                                "direction": "ltr",
                                "value": null
                            }
                        },
                        "i18n_properties": [
                            "placeholder"
                        ],
                        "label": "Statement Label",
                        "maxLength": null,
                        "placeholder": {
                            "en": "Enter text"
                        },
                        "uneditable": false,
                        "width": "100%"
                    },
                    "id": "8730f207-1a65-11ee-8f04-cd21e680a247",
                    "label": {
                        "en": "Statement Label"
                    },
                    "node_id": "8730f1f7-1a65-11ee-8f04-cd21e680a247",
                    "sortorder": 4,
                    "visible": false,
                    "widget_id": "10000000-0000-0000-0000-000000000001"
                },
                {
                    "card_id": "a090a3c0-216a-11ee-a966-bfab10c4cd7b",
                    "config": {
                        "defaultResourceInstance": [],
                        "i18n_properties": [
                            "placeholder"
                        ],
                        "label": "Type Metatype",
                        "placeholder": {
                            "en": ""
                        }
                    },
                    "id": "87932a3e-2172-11ee-a966-bfab10c4cd7b",
                    "label": {
                        "en": "Type Metatype"
                    },
                    "node_id": "a9b93c29-216a-11ee-a966-bfab10c4cd7b",
                    "sortorder": null,
                    "visible": true,
                    "widget_id": "ff3c400a-76ec-11e7-a793-784f435179ea"
                },
                {
                    "card_id": "8730f1f6-1a65-11ee-8f04-cd21e680a247",
                    "config": {
                        "defaultResourceInstance": [],
                        "i18n_properties": [
                            "placeholder"
                        ],
                        "label": "Statement Language",
                        "placeholder": {
                            "en": ""
                        }
                    },
                    "id": "92ab503f-2172-11ee-a966-bfab10c4cd7b",
                    "label": {
                        "en": "Statement Language"
                    },
                    "node_id": "f4c08e2c-216a-11ee-a966-bfab10c4cd7b",
                    "sortorder": null,
                    "visible": true,
                    "widget_id": "ff3c400a-76ec-11e7-a793-784f435179ea"
                },
                {
                    "card_id": "8730f1f6-1a65-11ee-8f04-cd21e680a247",
                    "config": {
                        "defaultResourceInstance": [],
                        "i18n_properties": [
                            "placeholder"
                        ],
                        "label": "Statement Type",
                        "placeholder": {
                            "en": ""
                        }
                    },
                    "id": "92ab5041-2172-11ee-a966-bfab10c4cd7b",
                    "label": {
                        "en": "Statement Type"
                    },
                    "node_id": "025efbcc-216b-11ee-a966-bfab10c4cd7b",
                    "sortorder": null,
                    "visible": true,
                    "widget_id": "ff3c400a-76ec-11e7-a793-784f435179ea"
                },
                {
                    "card_id": "8730f1f6-1a65-11ee-8f04-cd21e680a247",
                    "config": {
                        "defaultResourceInstance": [],
                        "i18n_properties": [
                            "placeholder"
                        ],
                        "label": "Statement Type Metatype",
                        "placeholder": {
                            "en": ""
                        }
                    },
                    "id": "92ab5043-2172-11ee-a966-bfab10c4cd7b",
                    "label": {
                        "en": "Statement Type Metatype"
                    },
                    "node_id": "0c99877e-216b-11ee-a966-bfab10c4cd7b",
                    "sortorder": null,
                    "visible": true,
                    "widget_id": "ff3c400a-76ec-11e7-a793-784f435179ea"
                },
                {
                    "card_id": "8730f1f3-1a65-11ee-8f04-cd21e680a247",
                    "config": {
                        "defaultResourceInstance": [],
                        "i18n_properties": [
                            "placeholder"
                        ],
                        "label": "Name Language",
                        "placeholder": {
                            "en": ""
                        }
                    },
                    "id": "a47c7915-2172-11ee-a966-bfab10c4cd7b",
                    "label": {
                        "en": "Name Language"
                    },
                    "node_id": "1d5b7982-216b-11ee-a966-bfab10c4cd7b",
                    "sortorder": null,
                    "visible": true,
                    "widget_id": "ff3c400a-76ec-11e7-a793-784f435179ea"
                },
                {
                    "card_id": "8730f1f3-1a65-11ee-8f04-cd21e680a247",
                    "config": {
                        "defaultResourceInstance": [],
                        "i18n_properties": [
                            "placeholder"
                        ],
                        "label": "Name Type",
                        "placeholder": {
                            "en": ""
                        }
                    },
                    "id": "a47c7917-2172-11ee-a966-bfab10c4cd7b",
                    "label": {
                        "en": "Name Type"
                    },
                    "node_id": "277b4956-216b-11ee-a966-bfab10c4cd7b",
                    "sortorder": null,
                    "visible": true,
                    "widget_id": "ff3c400a-76ec-11e7-a793-784f435179ea"
                },
                {
                    "card_id": "a090a3c0-216a-11ee-a966-bfab10c4cd7b",
                    "config": {
                        "defaultResourceInstance": [],
                        "i18n_properties": [
                            "placeholder"
                        ],
                        "label": "Type",
                        "placeholder": {
                            "en": ""
                        }
                    },
                    "id": "a93e9d25-216a-11ee-a966-bfab10c4cd7b",
                    "label": {
                        "en": "Type"
                    },
                    "node_id": "a090a3be-216a-11ee-a966-bfab10c4cd7b",
                    "sortorder": 0,
                    "visible": true,
                    "widget_id": "ff3c400a-76ec-11e7-a793-784f435179ea"
                }
            ],
            "color": "rgb(253,220,52)",
            "config": {},
            "deploymentdate": null,
            "deploymentfile": null,
            "description": {
                "en": ""
            },
            "edges": [
                {
                    "description": null,
                    "domainnode_id": "8730f1f4-1a65-11ee-8f04-cd21e680a247",
                    "edgeid": "025efbcd-216b-11ee-a966-bfab10c4cd7b",
                    "graph_id": "711319e9-1a65-11ee-8f04-cd21e680a247",
                    "name": null,
                    "ontologyproperty": "http://www.cidoc-crm.org/cidoc-crm/P2_has_type",
                    "rangenode_id": "025efbcc-216b-11ee-a966-bfab10c4cd7b"
                },
                {
                    "description": null,
                    "domainnode_id": "025efbcc-216b-11ee-a966-bfab10c4cd7b",
                    "edgeid": "0c99877f-216b-11ee-a966-bfab10c4cd7b",
                    "graph_id": "711319e9-1a65-11ee-8f04-cd21e680a247",
                    "name": null,
                    "ontologyproperty": "http://www.cidoc-crm.org/cidoc-crm/P2_has_type",
                    "rangenode_id": "0c99877e-216b-11ee-a966-bfab10c4cd7b"
                },
                {
                    "description": null,
                    "domainnode_id": "8730f1f1-1a65-11ee-8f04-cd21e680a247",
                    "edgeid": "1d5b7983-216b-11ee-a966-bfab10c4cd7b",
                    "graph_id": "711319e9-1a65-11ee-8f04-cd21e680a247",
                    "name": null,
                    "ontologyproperty": "http://www.cidoc-crm.org/cidoc-crm/P72_has_language",
                    "rangenode_id": "1d5b7982-216b-11ee-a966-bfab10c4cd7b"
                },
                {
                    "description": null,
                    "domainnode_id": "8730f1f1-1a65-11ee-8f04-cd21e680a247",
                    "edgeid": "277b4957-216b-11ee-a966-bfab10c4cd7b",
                    "graph_id": "711319e9-1a65-11ee-8f04-cd21e680a247",
                    "name": null,
                    "ontologyproperty": "http://www.cidoc-crm.org/cidoc-crm/P2_has_type",
                    "rangenode_id": "277b4956-216b-11ee-a966-bfab10c4cd7b"
                },
                {
                    "description": null,
                    "domainnode_id": "84bc04f1-1a65-11ee-8f04-cd21e680a247",
                    "edgeid": "84bc04fc-1a65-11ee-8f04-cd21e680a247",
                    "graph_id": "711319e9-1a65-11ee-8f04-cd21e680a247",
                    "name": null,
                    "ontologyproperty": "http://www.cidoc-crm.org/cidoc-crm/P190_has_symbolic_content",
                    "rangenode_id": "84bc04f6-1a65-11ee-8f04-cd21e680a247"
                },
                {
                    "description": null,
                    "domainnode_id": "84bc04f1-1a65-11ee-8f04-cd21e680a247",
                    "edgeid": "84bc04fd-1a65-11ee-8f04-cd21e680a247",
                    "graph_id": "711319e9-1a65-11ee-8f04-cd21e680a247",
                    "name": null,
                    "ontologyproperty": "http://www.w3.org/2000/01/rdf-schema#label",
                    "rangenode_id": "84bc04f4-1a65-11ee-8f04-cd21e680a247"
                },
                {
                    "description": null,
                    "domainnode_id": "711319e8-1a65-11ee-8f04-cd21e680a247",
                    "edgeid": "84bc0500-1a65-11ee-8f04-cd21e680a247",
                    "graph_id": "711319e9-1a65-11ee-8f04-cd21e680a247",
                    "name": null,
                    "ontologyproperty": "http://www.cidoc-crm.org/cidoc-crm/P1_is_identified_by",
                    "rangenode_id": "84bc04f1-1a65-11ee-8f04-cd21e680a247"
                },
                {
                    "description": null,
                    "domainnode_id": "8608d95b-1a65-11ee-8f04-cd21e680a247",
                    "edgeid": "8608d964-1a65-11ee-8f04-cd21e680a247",
                    "graph_id": "711319e9-1a65-11ee-8f04-cd21e680a247",
                    "name": null,
                    "ontologyproperty": "http://www.w3.org/2000/01/rdf-schema#label",
                    "rangenode_id": "8608d95e-1a65-11ee-8f04-cd21e680a247"
                },
                {
                    "description": null,
                    "domainnode_id": "8608d95b-1a65-11ee-8f04-cd21e680a247",
                    "edgeid": "8608d965-1a65-11ee-8f04-cd21e680a247",
                    "graph_id": "711319e9-1a65-11ee-8f04-cd21e680a247",
                    "name": null,
                    "ontologyproperty": "http://www.cidoc-crm.org/cidoc-crm/P190_has_symbolic_content",
                    "rangenode_id": "8608d95f-1a65-11ee-8f04-cd21e680a247"
                },
                {
                    "description": null,
                    "domainnode_id": "711319e8-1a65-11ee-8f04-cd21e680a247",
                    "edgeid": "8608d967-1a65-11ee-8f04-cd21e680a247",
                    "graph_id": "711319e9-1a65-11ee-8f04-cd21e680a247",
                    "name": null,
                    "ontologyproperty": "http://www.cidoc-crm.org/cidoc-crm/P1_is_identified_by",
                    "rangenode_id": "8608d95b-1a65-11ee-8f04-cd21e680a247"
                },
                {
                    "description": null,
                    "domainnode_id": "8730f1f1-1a65-11ee-8f04-cd21e680a247",
                    "edgeid": "8730f209-1a65-11ee-8f04-cd21e680a247",
                    "graph_id": "711319e9-1a65-11ee-8f04-cd21e680a247",
                    "name": null,
                    "ontologyproperty": "http://www.cidoc-crm.org/cidoc-crm/P190_has_symbolic_content",
                    "rangenode_id": "8730f1fd-1a65-11ee-8f04-cd21e680a247"
                },
                {
                    "description": null,
                    "domainnode_id": "8730f1f1-1a65-11ee-8f04-cd21e680a247",
                    "edgeid": "8730f20a-1a65-11ee-8f04-cd21e680a247",
                    "graph_id": "711319e9-1a65-11ee-8f04-cd21e680a247",
                    "name": null,
                    "ontologyproperty": "http://www.w3.org/2000/01/rdf-schema#label",
                    "rangenode_id": "8730f1fc-1a65-11ee-8f04-cd21e680a247"
                },
                {
                    "description": null,
                    "domainnode_id": "8730f1f4-1a65-11ee-8f04-cd21e680a247",
                    "edgeid": "8730f20b-1a65-11ee-8f04-cd21e680a247",
                    "graph_id": "711319e9-1a65-11ee-8f04-cd21e680a247",
                    "name": null,
                    "ontologyproperty": "http://www.cidoc-crm.org/cidoc-crm/P1_is_identified_by",
                    "rangenode_id": "8730f1f1-1a65-11ee-8f04-cd21e680a247"
                },
                {
                    "description": null,
                    "domainnode_id": "8730f1f4-1a65-11ee-8f04-cd21e680a247",
                    "edgeid": "8730f20e-1a65-11ee-8f04-cd21e680a247",
                    "graph_id": "711319e9-1a65-11ee-8f04-cd21e680a247",
                    "name": null,
                    "ontologyproperty": "http://www.cidoc-crm.org/cidoc-crm/P190_has_symbolic_content",
                    "rangenode_id": "8730f1f8-1a65-11ee-8f04-cd21e680a247"
                },
                {
                    "description": null,
                    "domainnode_id": "8730f1f4-1a65-11ee-8f04-cd21e680a247",
                    "edgeid": "8730f210-1a65-11ee-8f04-cd21e680a247",
                    "graph_id": "711319e9-1a65-11ee-8f04-cd21e680a247",
                    "name": null,
                    "ontologyproperty": "http://www.w3.org/2000/01/rdf-schema#label",
                    "rangenode_id": "8730f1f7-1a65-11ee-8f04-cd21e680a247"
                },
                {
                    "description": null,
                    "domainnode_id": "711319e8-1a65-11ee-8f04-cd21e680a247",
                    "edgeid": "8730f213-1a65-11ee-8f04-cd21e680a247",
                    "graph_id": "711319e9-1a65-11ee-8f04-cd21e680a247",
                    "name": null,
                    "ontologyproperty": "http://www.cidoc-crm.org/cidoc-crm/P67i_is_referred_to_by",
                    "rangenode_id": "8730f1f4-1a65-11ee-8f04-cd21e680a247"
                },
                {
                    "description": null,
                    "domainnode_id": "711319e8-1a65-11ee-8f04-cd21e680a247",
                    "edgeid": "a090a3c1-216a-11ee-a966-bfab10c4cd7b",
                    "graph_id": "711319e9-1a65-11ee-8f04-cd21e680a247",
                    "name": null,
                    "ontologyproperty": "http://www.cidoc-crm.org/cidoc-crm/P2_has_type",
                    "rangenode_id": "a090a3be-216a-11ee-a966-bfab10c4cd7b"
                },
                {
                    "description": null,
                    "domainnode_id": "a090a3be-216a-11ee-a966-bfab10c4cd7b",
                    "edgeid": "a9b93c2a-216a-11ee-a966-bfab10c4cd7b",
                    "graph_id": "711319e9-1a65-11ee-8f04-cd21e680a247",
                    "name": null,
                    "ontologyproperty": "http://www.cidoc-crm.org/cidoc-crm/P2_has_type",
                    "rangenode_id": "a9b93c29-216a-11ee-a966-bfab10c4cd7b"
                },
                {
                    "description": null,
                    "domainnode_id": "8608d95b-1a65-11ee-8f04-cd21e680a247",
                    "edgeid": "b8e989a9-216a-11ee-a966-bfab10c4cd7b",
                    "graph_id": "711319e9-1a65-11ee-8f04-cd21e680a247",
                    "name": null,
                    "ontologyproperty": "http://www.cidoc-crm.org/cidoc-crm/P2_has_type",
                    "rangenode_id": "b8e989a8-216a-11ee-a966-bfab10c4cd7b"
                },
                {
                    "description": null,
                    "domainnode_id": "84bc04f1-1a65-11ee-8f04-cd21e680a247",
                    "edgeid": "cdff7457-216a-11ee-a966-bfab10c4cd7b",
                    "graph_id": "711319e9-1a65-11ee-8f04-cd21e680a247",
                    "name": null,
                    "ontologyproperty": "http://www.cidoc-crm.org/cidoc-crm/P2_has_type",
                    "rangenode_id": "cdff7456-216a-11ee-a966-bfab10c4cd7b"
                },
                {
                    "description": null,
                    "domainnode_id": "84bc04f1-1a65-11ee-8f04-cd21e680a247",
                    "edgeid": "e0a76759-216a-11ee-a966-bfab10c4cd7b",
                    "graph_id": "711319e9-1a65-11ee-8f04-cd21e680a247",
                    "name": null,
                    "ontologyproperty": "http://www.cidoc-crm.org/cidoc-crm/P72_has_language",
                    "rangenode_id": "e0a76758-216a-11ee-a966-bfab10c4cd7b"
                },
                {
                    "description": null,
                    "domainnode_id": "8730f1f4-1a65-11ee-8f04-cd21e680a247",
                    "edgeid": "f4c08e2d-216a-11ee-a966-bfab10c4cd7b",
                    "graph_id": "711319e9-1a65-11ee-8f04-cd21e680a247",
                    "name": null,
                    "ontologyproperty": "http://www.cidoc-crm.org/cidoc-crm/P72_has_language",
                    "rangenode_id": "f4c08e2c-216a-11ee-a966-bfab10c4cd7b"
                }
            ],
            "functions_x_graphs": [
                {
                    "config": {
                        "descriptor_types": {
                            "description": {
                                "nodegroup_id": "8730f1f4-1a65-11ee-8f04-cd21e680a247",
                                "string_template": "<statement>"
                            },
                            "map_popup": {
                                "nodegroup_id": "",
                                "string_template": ""
                            },
                            "name": {
                                "nodegroup_id": "84bc04f1-1a65-11ee-8f04-cd21e680a247",
                                "string_template": "<name_content>"
                            }
                        },
                        "triggering_nodegroups": []
                    },
                    "function_id": "60000000-0000-0000-0000-000000000001",
                    "graph_id": "711319e9-1a65-11ee-8f04-cd21e680a247",
                    "id": "35fe44e0-4af9-4790-a229-ab601d596c9d"
                }
            ],
            "graphid": "711319e9-1a65-11ee-8f04-cd21e680a247",
            "iconclass": "fa fa-image",
            "is_editable": true,
            "isresource": true,
            "jsonldcontext": null,
            "name": {
                "en": "Visual Work"
            },
            "nodegroups": [
                {
                    "cardinality": "n",
                    "legacygroupid": null,
                    "nodegroupid": "84bc04f1-1a65-11ee-8f04-cd21e680a247",
                    "parentnodegroup_id": null
                },
                {
                    "cardinality": "n",
                    "legacygroupid": null,
                    "nodegroupid": "8608d95b-1a65-11ee-8f04-cd21e680a247",
                    "parentnodegroup_id": null
                },
                {
                    "cardinality": "n",
                    "legacygroupid": null,
                    "nodegroupid": "8730f1f1-1a65-11ee-8f04-cd21e680a247",
                    "parentnodegroup_id": "8730f1f4-1a65-11ee-8f04-cd21e680a247"
                },
                {
                    "cardinality": "n",
                    "legacygroupid": null,
                    "nodegroupid": "8730f1f4-1a65-11ee-8f04-cd21e680a247",
                    "parentnodegroup_id": null
                },
                {
                    "cardinality": "1",
                    "legacygroupid": null,
                    "nodegroupid": "a090a3be-216a-11ee-a966-bfab10c4cd7b",
                    "parentnodegroup_id": null
                }
            ],
            "nodes": [
                {
                    "alias": "statement_type",
                    "config": {
                        "graphs": [
                            {
                                "graphid": "aac34849-19a2-11ee-8f04-cd21e680a247",
                                "name": "Concept "
                            }
                        ],
                        "searchDsl": "",
                        "searchString": ""
                    },
                    "datatype": "resource-instance-list",
                    "description": null,
                    "exportable": false,
                    "fieldname": null,
                    "graph_id": "711319e9-1a65-11ee-8f04-cd21e680a247",
                    "hascustomalias": false,
                    "is_collector": false,
                    "isrequired": false,
                    "issearchable": true,
                    "istopnode": false,
                    "name": "statement_type",
                    "nodegroup_id": "8730f1f4-1a65-11ee-8f04-cd21e680a247",
                    "nodeid": "025efbcc-216b-11ee-a966-bfab10c4cd7b",
                    "ontologyclass": "http://www.cidoc-crm.org/cidoc-crm/E55_Type",
                    "parentproperty": "http://www.cidoc-crm.org/cidoc-crm/P2_has_type",
                    "sortorder": 0,
                    "sourcebranchpublication_id": null
                },
                {
                    "alias": "statement_type_metatype",
                    "config": {
                        "graphs": [
                            {
                                "graphid": "aac34849-19a2-11ee-8f04-cd21e680a247",
                                "name": "Concept "
                            }
                        ],
                        "searchDsl": "",
                        "searchString": ""
                    },
                    "datatype": "resource-instance-list",
                    "description": null,
                    "exportable": false,
                    "fieldname": null,
                    "graph_id": "711319e9-1a65-11ee-8f04-cd21e680a247",
                    "hascustomalias": false,
                    "is_collector": false,
                    "isrequired": false,
                    "issearchable": true,
                    "istopnode": false,
                    "name": "statement_type_metatype",
                    "nodegroup_id": "8730f1f4-1a65-11ee-8f04-cd21e680a247",
                    "nodeid": "0c99877e-216b-11ee-a966-bfab10c4cd7b",
                    "ontologyclass": "http://www.cidoc-crm.org/cidoc-crm/E55_Type",
                    "parentproperty": "http://www.cidoc-crm.org/cidoc-crm/P2_has_type",
                    "sortorder": 0,
                    "sourcebranchpublication_id": null
                },
                {
                    "alias": "statement_name_language",
                    "config": {
                        "graphs": [
                            {
                                "graphid": "aac34849-19a2-11ee-8f04-cd21e680a247",
                                "name": "Concept "
                            }
                        ],
                        "searchDsl": "",
                        "searchString": ""
                    },
                    "datatype": "resource-instance-list",
                    "description": null,
                    "exportable": false,
                    "fieldname": null,
                    "graph_id": "711319e9-1a65-11ee-8f04-cd21e680a247",
                    "hascustomalias": false,
                    "is_collector": false,
                    "isrequired": false,
                    "issearchable": true,
                    "istopnode": false,
                    "name": "statement_name_language",
                    "nodegroup_id": "8730f1f1-1a65-11ee-8f04-cd21e680a247",
                    "nodeid": "1d5b7982-216b-11ee-a966-bfab10c4cd7b",
                    "ontologyclass": "http://www.cidoc-crm.org/cidoc-crm/E56_Language",
                    "parentproperty": "http://www.cidoc-crm.org/cidoc-crm/P72_has_language",
                    "sortorder": 0,
                    "sourcebranchpublication_id": null
                },
                {
                    "alias": "statement_name_type",
                    "config": {
                        "graphs": [
                            {
                                "graphid": "aac34849-19a2-11ee-8f04-cd21e680a247",
                                "name": "Concept "
                            }
                        ],
                        "searchDsl": "",
                        "searchString": ""
                    },
                    "datatype": "resource-instance-list",
                    "description": null,
                    "exportable": false,
                    "fieldname": null,
                    "graph_id": "711319e9-1a65-11ee-8f04-cd21e680a247",
                    "hascustomalias": false,
                    "is_collector": false,
                    "isrequired": false,
                    "issearchable": true,
                    "istopnode": false,
                    "name": "statement_name_type",
                    "nodegroup_id": "8730f1f1-1a65-11ee-8f04-cd21e680a247",
                    "nodeid": "277b4956-216b-11ee-a966-bfab10c4cd7b",
                    "ontologyclass": "http://www.cidoc-crm.org/cidoc-crm/E55_Type",
                    "parentproperty": "http://www.cidoc-crm.org/cidoc-crm/P2_has_type",
                    "sortorder": 0,
                    "sourcebranchpublication_id": null
                },
                {
                    "alias": "visual_work",
                    "config": {},
                    "datatype": "semantic",
                    "description": "",
                    "exportable": false,
                    "fieldname": null,
                    "graph_id": "711319e9-1a65-11ee-8f04-cd21e680a247",
                    "hascustomalias": false,
                    "is_collector": false,
                    "isrequired": false,
                    "issearchable": true,
                    "istopnode": true,
                    "name": "Visual Work",
                    "nodegroup_id": null,
                    "nodeid": "711319e8-1a65-11ee-8f04-cd21e680a247",
                    "ontologyclass": "http://www.cidoc-crm.org/cidoc-crm/E36_Visual_Item",
                    "parentproperty": "",
                    "sortorder": 0,
                    "sourcebranchpublication_id": null
                },
                {
                    "alias": "name",
                    "config": {},
                    "datatype": "semantic",
                    "description": "* Collection_id: LAP.1_Name\n* Field_id:\n* Category_id: CAT.1_Names_and_Classifications",
                    "exportable": false,
                    "fieldname": null,
                    "graph_id": "711319e9-1a65-11ee-8f04-cd21e680a247",
                    "hascustomalias": false,
                    "is_collector": true,
                    "isrequired": false,
                    "issearchable": true,
                    "istopnode": false,
                    "name": "name",
                    "nodegroup_id": "84bc04f1-1a65-11ee-8f04-cd21e680a247",
                    "nodeid": "84bc04f1-1a65-11ee-8f04-cd21e680a247",
                    "ontologyclass": "http://www.cidoc-crm.org/cidoc-crm/E33_E41_Linguistic_Appellation",
                    "parentproperty": "http://www.cidoc-crm.org/cidoc-crm/P1_is_identified_by",
                    "sortorder": 0,
                    "sourcebranchpublication_id": null
                },
                {
                    "alias": "name_label",
                    "config": {},
                    "datatype": "string",
                    "description": "* Collection_id: LAP.1_Name\n* Field_id: LAF.4_name_label\n* Category_id: CAT.1_Names_and_Classifications\n\n",
                    "exportable": false,
                    "fieldname": null,
                    "graph_id": "711319e9-1a65-11ee-8f04-cd21e680a247",
                    "hascustomalias": false,
                    "is_collector": false,
                    "isrequired": false,
                    "issearchable": false,
                    "istopnode": false,
                    "name": "name_label",
                    "nodegroup_id": "84bc04f1-1a65-11ee-8f04-cd21e680a247",
                    "nodeid": "84bc04f4-1a65-11ee-8f04-cd21e680a247",
                    "ontologyclass": "http://www.w3.org/2001/XMLSchema#string",
                    "parentproperty": "http://www.w3.org/2000/01/rdf-schema#label",
                    "sortorder": 0,
                    "sourcebranchpublication_id": null
                },
                {
                    "alias": "name_content",
                    "config": {},
                    "datatype": "string",
                    "description": "* Collection_id: LAP.1_Name\n* Field_id: LAF.6_name_content\n* Category_id: CAT.1_Names_and_Classifications",
                    "exportable": false,
                    "fieldname": null,
                    "graph_id": "711319e9-1a65-11ee-8f04-cd21e680a247",
                    "hascustomalias": false,
                    "is_collector": false,
                    "isrequired": true,
                    "issearchable": true,
                    "istopnode": false,
                    "name": "name_content",
                    "nodegroup_id": "84bc04f1-1a65-11ee-8f04-cd21e680a247",
                    "nodeid": "84bc04f6-1a65-11ee-8f04-cd21e680a247",
                    "ontologyclass": "http://www.w3.org/2001/XMLSchema#string",
                    "parentproperty": "http://www.cidoc-crm.org/cidoc-crm/P190_has_symbolic_content",
                    "sortorder": 0,
                    "sourcebranchpublication_id": null
                },
                {
                    "alias": "identifier",
                    "config": {},
                    "datatype": "semantic",
                    "description": "* Collection_id: \n* Field_id: \n* Category_id: CAT.1_Names_and_Classifications",
                    "exportable": false,
                    "fieldname": null,
                    "graph_id": "711319e9-1a65-11ee-8f04-cd21e680a247",
                    "hascustomalias": false,
                    "is_collector": true,
                    "isrequired": false,
                    "issearchable": true,
                    "istopnode": false,
                    "name": "identifier",
                    "nodegroup_id": "8608d95b-1a65-11ee-8f04-cd21e680a247",
                    "nodeid": "8608d95b-1a65-11ee-8f04-cd21e680a247",
                    "ontologyclass": "http://www.cidoc-crm.org/cidoc-crm/E42_Identifier",
                    "parentproperty": "http://www.cidoc-crm.org/cidoc-crm/P1_is_identified_by",
                    "sortorder": 0,
                    "sourcebranchpublication_id": null
                },
                {
                    "alias": "identifier_label",
                    "config": {},
                    "datatype": "string",
                    "description": "* Collection_id: LAP.2_Identifier\n* Field_id: LAF.8_identifier_label\n* Category_id: CAT.1_Names_and_Classifications",
                    "exportable": false,
                    "fieldname": null,
                    "graph_id": "711319e9-1a65-11ee-8f04-cd21e680a247",
                    "hascustomalias": false,
                    "is_collector": false,
                    "isrequired": false,
                    "issearchable": false,
                    "istopnode": false,
                    "name": "identifier_label",
                    "nodegroup_id": "8608d95b-1a65-11ee-8f04-cd21e680a247",
                    "nodeid": "8608d95e-1a65-11ee-8f04-cd21e680a247",
                    "ontologyclass": "http://www.w3.org/2001/XMLSchema#string",
                    "parentproperty": "http://www.w3.org/2000/01/rdf-schema#label",
                    "sortorder": 0,
                    "sourcebranchpublication_id": null
                },
                {
                    "alias": "identifier_content",
                    "config": {},
                    "datatype": "string",
                    "description": "* Collection_id: LAP.2_Identifier\n* Field_id: LAF.10_identifier_content\n* Category_id: CAT.1_Names_and_Classifications",
                    "exportable": false,
                    "fieldname": null,
                    "graph_id": "711319e9-1a65-11ee-8f04-cd21e680a247",
                    "hascustomalias": false,
                    "is_collector": false,
                    "isrequired": true,
                    "issearchable": true,
                    "istopnode": false,
                    "name": "identifier_content",
                    "nodegroup_id": "8608d95b-1a65-11ee-8f04-cd21e680a247",
                    "nodeid": "8608d95f-1a65-11ee-8f04-cd21e680a247",
                    "ontologyclass": "http://www.w3.org/2001/XMLSchema#string",
                    "parentproperty": "http://www.cidoc-crm.org/cidoc-crm/P190_has_symbolic_content",
                    "sortorder": 0,
                    "sourcebranchpublication_id": null
                },
                {
                    "alias": "statement_name",
                    "config": {},
                    "datatype": "semantic",
                    "description": "* Collection_id: LAP.4_Statement\n* Field_id: LAF.50_name_statement\n* Category_id: CAT.4_Description",
                    "exportable": false,
                    "fieldname": null,
                    "graph_id": "711319e9-1a65-11ee-8f04-cd21e680a247",
                    "hascustomalias": false,
                    "is_collector": true,
                    "isrequired": false,
                    "issearchable": true,
                    "istopnode": false,
                    "name": "statement_name",
                    "nodegroup_id": "8730f1f1-1a65-11ee-8f04-cd21e680a247",
                    "nodeid": "8730f1f1-1a65-11ee-8f04-cd21e680a247",
                    "ontologyclass": "http://www.cidoc-crm.org/cidoc-crm/E33_E41_Linguistic_Appellation",
                    "parentproperty": "http://www.cidoc-crm.org/cidoc-crm/P1_is_identified_by",
                    "sortorder": 0,
                    "sourcebranchpublication_id": null
                },
                {
                    "alias": "statement",
                    "config": {},
                    "datatype": "semantic",
                    "description": "* Collection_id: \n* Field_id: \n* Category_id: CAT.4_Description",
                    "exportable": false,
                    "fieldname": null,
                    "graph_id": "711319e9-1a65-11ee-8f04-cd21e680a247",
                    "hascustomalias": false,
                    "is_collector": true,
                    "isrequired": false,
                    "issearchable": true,
                    "istopnode": false,
                    "name": "statement",
                    "nodegroup_id": "8730f1f4-1a65-11ee-8f04-cd21e680a247",
                    "nodeid": "8730f1f4-1a65-11ee-8f04-cd21e680a247",
                    "ontologyclass": "http://www.cidoc-crm.org/cidoc-crm/E33_Linguistic_Object",
                    "parentproperty": "http://www.cidoc-crm.org/cidoc-crm/P67i_is_referred_to_by",
                    "sortorder": 0,
                    "sourcebranchpublication_id": null
                },
                {
                    "alias": "statement_label",
                    "config": {},
                    "datatype": "string",
                    "description": "* Collection_id: LAP.4_Statement\n* Field_id: LAF.13_statement_label\n* Category_id: CAT.4_Description",
                    "exportable": false,
                    "fieldname": null,
                    "graph_id": "711319e9-1a65-11ee-8f04-cd21e680a247",
                    "hascustomalias": false,
                    "is_collector": false,
                    "isrequired": false,
                    "issearchable": false,
                    "istopnode": false,
                    "name": "statement_label",
                    "nodegroup_id": "8730f1f4-1a65-11ee-8f04-cd21e680a247",
                    "nodeid": "8730f1f7-1a65-11ee-8f04-cd21e680a247",
                    "ontologyclass": "http://www.w3.org/2001/XMLSchema#string",
                    "parentproperty": "http://www.w3.org/2000/01/rdf-schema#label",
                    "sortorder": 0,
                    "sourcebranchpublication_id": null
                },
                {
                    "alias": "statement_content",
                    "config": {},
                    "datatype": "string",
                    "description": "* Collection_id: LAP.4_Statement\n* Field_id: LAF.15_statement_content\n* Category_id: CAT.4_Description",
                    "exportable": false,
                    "fieldname": null,
                    "graph_id": "711319e9-1a65-11ee-8f04-cd21e680a247",
                    "hascustomalias": false,
                    "is_collector": false,
                    "isrequired": true,
                    "issearchable": true,
                    "istopnode": false,
                    "name": "statement_content",
                    "nodegroup_id": "8730f1f4-1a65-11ee-8f04-cd21e680a247",
                    "nodeid": "8730f1f8-1a65-11ee-8f04-cd21e680a247",
                    "ontologyclass": "http://www.w3.org/2001/XMLSchema#string",
                    "parentproperty": "http://www.cidoc-crm.org/cidoc-crm/P190_has_symbolic_content",
                    "sortorder": 0,
                    "sourcebranchpublication_id": null
                },
                {
                    "alias": "statement_name_label",
                    "config": {},
                    "datatype": "string",
                    "description": "* Collection_id: LAP.1_Name\n* Field_id: LAF.50_LAF.4_name_label\n* Category_id: CAT.4_Description",
                    "exportable": false,
                    "fieldname": null,
                    "graph_id": "711319e9-1a65-11ee-8f04-cd21e680a247",
                    "hascustomalias": false,
                    "is_collector": false,
                    "isrequired": false,
                    "issearchable": false,
                    "istopnode": false,
                    "name": "statement_name_label",
                    "nodegroup_id": "8730f1f1-1a65-11ee-8f04-cd21e680a247",
                    "nodeid": "8730f1fc-1a65-11ee-8f04-cd21e680a247",
                    "ontologyclass": "http://www.w3.org/2001/XMLSchema#string",
                    "parentproperty": "http://www.w3.org/2000/01/rdf-schema#label",
                    "sortorder": 0,
                    "sourcebranchpublication_id": null
                },
                {
                    "alias": "statement_name_content",
                    "config": {},
                    "datatype": "string",
                    "description": "* Collection_id: LAP.1_Name\n* Field_id: LAF.50_LAF.5_name_content\n* Category_id: CAT.4_Description",
                    "exportable": false,
                    "fieldname": null,
                    "graph_id": "711319e9-1a65-11ee-8f04-cd21e680a247",
                    "hascustomalias": false,
                    "is_collector": false,
                    "isrequired": true,
                    "issearchable": false,
                    "istopnode": false,
                    "name": "statement_name_content",
                    "nodegroup_id": "8730f1f1-1a65-11ee-8f04-cd21e680a247",
                    "nodeid": "8730f1fd-1a65-11ee-8f04-cd21e680a247",
                    "ontologyclass": "http://www.w3.org/2001/XMLSchema#string",
                    "parentproperty": "http://www.cidoc-crm.org/cidoc-crm/P190_has_symbolic_content",
                    "sortorder": 0,
                    "sourcebranchpublication_id": null
                },
                {
                    "alias": "type",
                    "config": {
                        "graphs": [
                            {
                                "graphid": "aac34849-19a2-11ee-8f04-cd21e680a247",
                                "name": "Concept "
                            }
                        ],
                        "searchDsl": "",
                        "searchString": ""
                    },
                    "datatype": "resource-instance-list",
                    "description": null,
                    "exportable": false,
                    "fieldname": null,
                    "graph_id": "711319e9-1a65-11ee-8f04-cd21e680a247",
                    "hascustomalias": false,
                    "is_collector": true,
                    "isrequired": false,
                    "issearchable": true,
                    "istopnode": false,
                    "name": "type",
                    "nodegroup_id": "a090a3be-216a-11ee-a966-bfab10c4cd7b",
                    "nodeid": "a090a3be-216a-11ee-a966-bfab10c4cd7b",
                    "ontologyclass": "http://www.cidoc-crm.org/cidoc-crm/E55_Type",
                    "parentproperty": "http://www.cidoc-crm.org/cidoc-crm/P2_has_type",
                    "sortorder": 0,
                    "sourcebranchpublication_id": null
                },
                {
                    "alias": "type_metatype",
                    "config": {
                        "graphs": [
                            {
                                "graphid": "aac34849-19a2-11ee-8f04-cd21e680a247",
                                "name": "Concept "
                            }
                        ],
                        "searchDsl": "",
                        "searchString": ""
                    },
                    "datatype": "resource-instance-list",
                    "description": null,
                    "exportable": false,
                    "fieldname": null,
                    "graph_id": "711319e9-1a65-11ee-8f04-cd21e680a247",
                    "hascustomalias": false,
                    "is_collector": false,
                    "isrequired": false,
                    "issearchable": true,
                    "istopnode": false,
                    "name": "type_metatype",
                    "nodegroup_id": "a090a3be-216a-11ee-a966-bfab10c4cd7b",
                    "nodeid": "a9b93c29-216a-11ee-a966-bfab10c4cd7b",
                    "ontologyclass": "http://www.cidoc-crm.org/cidoc-crm/E55_Type",
                    "parentproperty": "http://www.cidoc-crm.org/cidoc-crm/P2_has_type",
                    "sortorder": 0,
                    "sourcebranchpublication_id": null
                },
                {
                    "alias": "identifier_type",
                    "config": {
                        "graphs": [
                            {
                                "graphid": "aac34849-19a2-11ee-8f04-cd21e680a247",
                                "name": "Concept "
                            }
                        ],
                        "searchDsl": "",
                        "searchString": ""
                    },
                    "datatype": "resource-instance-list",
                    "description": null,
                    "exportable": false,
                    "fieldname": null,
                    "graph_id": "711319e9-1a65-11ee-8f04-cd21e680a247",
                    "hascustomalias": false,
                    "is_collector": false,
                    "isrequired": false,
                    "issearchable": true,
                    "istopnode": false,
                    "name": "identifier_type",
                    "nodegroup_id": "8608d95b-1a65-11ee-8f04-cd21e680a247",
                    "nodeid": "b8e989a8-216a-11ee-a966-bfab10c4cd7b",
                    "ontologyclass": "http://www.cidoc-crm.org/cidoc-crm/E55_Type",
                    "parentproperty": "http://www.cidoc-crm.org/cidoc-crm/P2_has_type",
                    "sortorder": 0,
                    "sourcebranchpublication_id": null
                },
                {
                    "alias": "name_type",
                    "config": {
                        "graphs": [
                            {
                                "graphid": "aac34849-19a2-11ee-8f04-cd21e680a247",
                                "name": "Concept "
                            }
                        ],
                        "searchDsl": "",
                        "searchString": ""
                    },
                    "datatype": "resource-instance-list",
                    "description": null,
                    "exportable": false,
                    "fieldname": null,
                    "graph_id": "711319e9-1a65-11ee-8f04-cd21e680a247",
                    "hascustomalias": false,
                    "is_collector": false,
                    "isrequired": false,
                    "issearchable": true,
                    "istopnode": false,
                    "name": "name_type",
                    "nodegroup_id": "84bc04f1-1a65-11ee-8f04-cd21e680a247",
                    "nodeid": "cdff7456-216a-11ee-a966-bfab10c4cd7b",
                    "ontologyclass": "http://www.cidoc-crm.org/cidoc-crm/E55_Type",
                    "parentproperty": "http://www.cidoc-crm.org/cidoc-crm/P2_has_type",
                    "sortorder": 0,
                    "sourcebranchpublication_id": null
                },
                {
                    "alias": "name_language",
                    "config": {
                        "graphs": [
                            {
                                "graphid": "aac34849-19a2-11ee-8f04-cd21e680a247",
                                "name": "Concept "
                            }
                        ],
                        "searchDsl": "",
                        "searchString": ""
                    },
                    "datatype": "resource-instance-list",
                    "description": null,
                    "exportable": false,
                    "fieldname": null,
                    "graph_id": "711319e9-1a65-11ee-8f04-cd21e680a247",
                    "hascustomalias": false,
                    "is_collector": false,
                    "isrequired": false,
                    "issearchable": true,
                    "istopnode": false,
                    "name": "name_language",
                    "nodegroup_id": "84bc04f1-1a65-11ee-8f04-cd21e680a247",
                    "nodeid": "e0a76758-216a-11ee-a966-bfab10c4cd7b",
                    "ontologyclass": "http://www.cidoc-crm.org/cidoc-crm/E56_Language",
                    "parentproperty": "http://www.cidoc-crm.org/cidoc-crm/P72_has_language",
                    "sortorder": 0,
                    "sourcebranchpublication_id": null
                },
                {
                    "alias": "statement_language",
                    "config": {
                        "graphs": [
                            {
                                "graphid": "aac34849-19a2-11ee-8f04-cd21e680a247",
                                "name": "Concept "
                            }
                        ],
                        "searchDsl": "",
                        "searchString": ""
                    },
                    "datatype": "resource-instance-list",
                    "description": null,
                    "exportable": false,
                    "fieldname": null,
                    "graph_id": "711319e9-1a65-11ee-8f04-cd21e680a247",
                    "hascustomalias": false,
                    "is_collector": false,
                    "isrequired": false,
                    "issearchable": true,
                    "istopnode": false,
                    "name": "statement_language",
                    "nodegroup_id": "8730f1f4-1a65-11ee-8f04-cd21e680a247",
                    "nodeid": "f4c08e2c-216a-11ee-a966-bfab10c4cd7b",
                    "ontologyclass": "http://www.cidoc-crm.org/cidoc-crm/E56_Language",
                    "parentproperty": "http://www.cidoc-crm.org/cidoc-crm/P72_has_language",
                    "sortorder": 0,
                    "sourcebranchpublication_id": null
                }
            ],
            "ontology_id": "0b1f5462-faa7-11e9-8f09-3af9d3b32b71",
            "publication": {
                "graph_id": "711319e9-1a65-11ee-8f04-cd21e680a247",
                "notes": null,
                "publicationid": "093c299c-24bd-11ee-bf11-acde48001122",
                "published_time": "2023-07-17T11:14:41.742"
            },
            "relatable_resource_model_ids": [],
            "resource_2_resource_constraints": [],
            "root": {
                "alias": "visual_work",
                "config": {},
                "datatype": "semantic",
                "description": "",
                "exportable": false,
                "fieldname": null,
                "graph_id": "711319e9-1a65-11ee-8f04-cd21e680a247",
                "hascustomalias": false,
                "is_collector": false,
                "isrequired": false,
                "issearchable": true,
                "istopnode": true,
                "name": "Visual Work",
                "nodegroup_id": null,
                "nodeid": "711319e8-1a65-11ee-8f04-cd21e680a247",
                "ontologyclass": "http://www.cidoc-crm.org/cidoc-crm/E36_Visual_Item",
                "sortorder": 0,
                "sourcebranchpublication_id": null
            },
            "slug": null,
            "subtitle": {
                "en": ""
            },
            "template_id": "50000000-0000-0000-0000-000000000001",
            "version": ""
        }
    ]
}