<?xml version="1.0" encoding="UTF-8"?>

<rdf:RDF xml:lang="en" xmlns:rdf="http://www.w3.org/1999/02/22-rdf-syntax-ns#" xmlns:rdfs="http://www.w3.org/2000/01/rdf-schema#" xml:base="http://www.cidoc-crm.org/cidoc-crm/" xmlns:dcterms="http://purl.org/dc/terms/" xmlns:dc="http://purl.org/dc/elements/1.1/" xmlns:owl="http://www.w3.org/2002/07/owl#" xmlns:la="https://linked.art/ns/" xmlns:schema="http://schema.org/" xmlns:skos="http://www.w3.org/2004/02/skos/core#" xmlns:ore="http://www.openarchives.org/ore/terms/">

   


<!-- These redefine external classes and properties in relation to CRM -->
<!-- All care has been taken in this mapping to avoid introducing semantics -->
<!-- where non existed previously -->


<rdf:Property rdf:about="http://www.w3.org/2000/01/rdf-schema#label">
  <rdfs:isDefinedBy rdf:resource="http://www.w3.org/2000/01/rdf-schema#"/>
  <rdfs:label xml:lang="en">label</rdfs:label>
  <rdfs:comment>A human-readable name for the subject.</rdfs:comment>
  <rdfs:domain rdf:resource="E1_CRM_Entity"/>
  <rdfs:range rdf:resource="http://www.w3.org/2001/XMLSchema#string"/>
</rdf:Property>

<!-- Similarity of resources -->
<!-- E1: skos:exactMatch, skos:closeMatch -->
<!-- owl:sameAs considered too dangerous, dct:relation considered too pointless -->

<rdf:Property rdf:about="http://www.w3.org/2004/02/skos/core#exactMatch">
        <rdfs:label xml:lang="en">exactMatch</rdfs:label>
        <rdfs:comment xml:lang="en">Exact Match, not quite sameAs, good for most uses</rdfs:comment>
        <rdfs:domain rdf:resource="E1_CRM_Entity"/>
        <rdfs:range rdf:resource="E1_CRM_Entity"/>
</rdf:Property>

<rdf:Property rdf:about="http://www.w3.org/2004/02/skos/core#closeMatch">
        <rdfs:label xml:lang="en">closeMatch</rdfs:label>
        <rdfs:comment xml:lang="en">Close Match, good for some uses</rdfs:comment>
        <rdfs:domain rdf:resource="E1_CRM_Entity"/>
        <rdfs:range rdf:resource="E1_CRM_Entity"/>
</rdf:Property>

<rdf:Property rdf:about="http://www.w3.org/2000/01/rdf-schema#seeAlso">
        <rdfs:label xml:lang="en">seeAlso</rdfs:label>
        <rdfs:comment xml:lang="en">A related resource, that is machine readable and related to the current resource.</rdfs:comment>
        <rdfs:domain rdf:resource="E1_CRM_Entity"/>
        <rdfs:range rdf:resource="E73_Information_Object"/>
</rdf:Property>


<!-- Conformance of an object to a standard -->

<rdf:Property rdf:about="http://purl.org/dc/terms/conformsTo">
        <rdfs:label xml:lang="en">conforms to</rdfs:label>
        <rdfs:comment xml:lang="en">Some thing conforms to some standard</rdfs:comment>
        <rdfs:domain rdf:resource="E71_Human-Made_Thing"/>
        <rdfs:range rdf:resource="E73_Information_Object"/>
</rdf:Property>

<!-- InfoObj: dc:format -->

<rdf:Property rdf:about="http://purl.org/dc/elements/1.1/format">
        <rdfs:label xml:lang="en">format</rdfs:label>
        <rdfs:comment xml:lang="en">The media type of the information object</rdfs:comment>
        <rdfs:domain rdf:resource="E73_Information_Object"/>
        <rdfs:range rdf:resource="http://www.w3.org/2001/XMLSchema#string"/>
</rdf:Property>

</rdf:RDF>
